trade_date,001201.SZ,001202.SZ,001203.SZ,001205.SZ,001206.SZ,001207.SZ,001208.SZ,001209.SZ,001210.SZ,001211.SZ,001212.SZ,001213.SZ,001215.SZ,001216.SZ,001217.SZ,001218.SZ,001219.SZ,001267.SZ,001288.SZ,001317.SZ,003004.SZ,003016.SZ,003017.SZ,003018.SZ,003019.SZ,003020.SZ,003021.SZ,003022.SZ,003023.SZ,003025.SZ,003026.SZ,003027.SZ,003028.SZ,003029.SZ,003030.SZ,003031.SZ,003032.SZ,003033.SZ,003035.SZ,003036.SZ,003037.SZ,003038.SZ,003039.SZ,003040.SZ,003041.SZ,003042.SZ,003043.SZ,300614.SZ,300774.SZ,300814.SZ,300844.SZ,300854.SZ,300884.SZ,300894.SZ,300900.SZ,300901.SZ,300902.SZ,300903.SZ,300905.SZ,300906.SZ,300907.SZ,300908.SZ,300909.SZ,300910.SZ,300911.SZ,300912.SZ,300913.SZ,300915.SZ,300916.SZ,300917.SZ,300918.SZ,300919.SZ,300920.SZ,300921.SZ,300922.SZ,300923.SZ,300925.SZ,300926.SZ,300927.SZ,300928.SZ,300929.SZ,300930.SZ,300931.SZ,300932.SZ,300933.SZ,300935.SZ,300936.SZ,300937.SZ,300938.SZ,300939.SZ,300940.SZ,300941.SZ,300942.SZ,300943.SZ,300945.SZ,300946.SZ,300947.SZ,300948.SZ,300949.SZ,300950.SZ,300951.SZ,300952.SZ,300953.SZ,300955.SZ,300956.SZ,300957.SZ,300958.SZ,300959.SZ,300960.SZ,300961.SZ,300962.SZ,300963.SZ,300964.SZ,300965.SZ,300966.SZ,300967.SZ,300968.SZ,300969.SZ,300970.SZ,300971.SZ,300972.SZ,300973.SZ,300975.SZ,300976.SZ,300977.SZ,300978.SZ,300979.SZ,300980.SZ,300981.SZ,300982.SZ,300983.SZ,300984.SZ,300985.SZ,300986.SZ,300987.SZ,300988.SZ,300989.SZ,300990.SZ,300991.SZ,300992.SZ,300993.SZ,300994.SZ,300995.SZ,300996.SZ,300997.SZ,300998.SZ,301000.SZ,301001.SZ,301002.SZ,301003.SZ,301004.SZ,301005.SZ,301006.SZ,301007.SZ,301008.SZ,301009.SZ,301010.SZ,301011.SZ,301012.SZ,301013.SZ,301015.SZ,301016.SZ,301017.SZ,301018.SZ,301019.SZ,301020.SZ,301021.SZ,301022.SZ,301023.SZ,301024.SZ,301025.SZ,301026.SZ,301027.SZ,301028.SZ,301029.SZ,301030.SZ,301031.SZ,301032.SZ,301033.SZ,301035.SZ,301036.SZ,301037.SZ,301038.SZ,301039.SZ,301040.SZ,301041.SZ,301042.SZ,301043.SZ,301045.SZ,301046.SZ,301047.SZ,301048.SZ,301049.SZ,301050.SZ,301051.SZ,301052.SZ,301053.SZ,301055.SZ,301056.SZ,301057.SZ,301058.SZ,301059.SZ,301060.SZ,301061.SZ,301062.SZ,301063.SZ,301065.SZ,301066.SZ,301067.SZ,301068.SZ,301069.SZ,301070.SZ,301071.SZ,301072.SZ,301073.SZ,301075.SZ,301076.SZ,301077.SZ,301078.SZ,301079.SZ,301080.SZ,301081.SZ,301082.SZ,301083.SZ,301085.SZ,301086.SZ,301087.SZ,301088.SZ,301089.SZ,301090.SZ,301091.SZ,301092.SZ,301093.SZ,301098.SZ,301099.SZ,301118.SZ,301119.SZ,301128.SZ,301129.SZ,301133.SZ,301149.SZ,301155.SZ,301169.SZ,301178.SZ,301180.SZ,301185.SZ,301188.SZ,430047.BJ,430090.BJ,430510.BJ,600032.SH,600905.SH,600906.SH,600916.SH,600935.SH,600955.SH,601156.SH,601187.SH,601279.SH,601528.SH,601665.SH,601686.SH,601728.SH,601825.SH,601868.SH,601921.SH,601956.SH,601963.SH,601995.SH,603048.SH,603171.SH,603213.SH,603219.SH,603324.SH,603511.SH,603529.SH,603759.SH,603836.SH,605005.SH,605007.SH,605011.SH,605016.SH,605020.SH,605028.SH,605033.SH,605055.SH,605056.SH,605060.SH,605068.SH,605069.SH,605077.SH,605080.SH,605081.SH,605086.SH,605089.SH,605090.SH,605098.SH,605117.SH,605122.SH,605133.SH,605138.SH,605151.SH,605155.SH,605162.SH,605167.SH,605169.SH,605177.SH,605179.SH,605180.SH,605183.SH,605186.SH,605189.SH,605196.SH,605208.SH,605228.SH,605258.SH,605259.SH,605266.SH,605268.SH,605277.SH,605286.SH,605287.SH,605289.SH,605296.SH,605298.SH,605299.SH,605300.SH,605303.SH,605305.SH,605319.SH,605337.SH,605339.SH,605365.SH,605368.SH,605376.SH,605377.SH,605378.SH,605389.SH,605398.SH,605488.SH,605499.SH,605500.SH,605507.SH,605555.SH,605566.SH,605567.SH,605577.SH,605580.SH,605588.SH,605589.SH,605598.SH,605599.SH,688038.SH,688049.SH,688057.SH,688059.SH,688063.SH,688067.SH,688070.SH,688071.SH,688075.SH,688076.SH,688079.SH,688082.SH,688083.SH,688087.SH,688091.SH,688092.SH,688097.SH,688103.SH,688105.SH,688107.SH,688109.SH,688113.SH,688117.SH,688121.SH,688131.SH,688133.SH,688135.SH,688136.SH,688148.SH,688160.SH,688161.SH,688162.SH,688179.SH,688182.SH,688183.SH,688187.SH,688190.SH,688191.SH,688195.SH,688201.SH,688211.SH,688212.SH,688216.SH,688217.SH,688219.SH,688221.SH,688226.SH,688232.SH,688239.SH,688255.SH,688257.SH,688260.SH,688269.SH,688272.SH,688276.SH,688280.SH,688285.SH,688296.SH,688303.SH,688305.SH,688308.SH,688314.SH,688315.SH,688316.SH,688317.SH,688319.SH,688323.SH,688328.SH,688329.SH,688345.SH,688350.SH,688355.SH,688359.SH,688367.SH,688383.SH,688385.SH,688395.SH,688425.SH,688456.SH,688468.SH,688499.SH,688501.SH,688509.SH,688510.SH,688511.SH,688517.SH,688529.SH,688533.SH,688538.SH,688553.SH,688557.SH,688560.SH,688565.SH,688571.SH,688575.SH,688578.SH,688590.SH,688597.SH,688601.SH,688606.SH,688607.SH,688608.SH,688609.SH,688611.SH,688613.SH,688616.SH,688617.SH,688618.SH,688619.SH,688621.SH,688622.SH,688625.SH,688626.SH,688628.SH,688630.SH,688633.SH,688636.SH,688639.SH,688655.SH,688656.SH,688658.SH,688659.SH,688660.SH,688661.SH,688662.SH,688663.SH,688665.SH,688667.SH,688668.SH,688669.SH,688670.SH,688676.SH,688677.SH,688678.SH,688679.SH,688680.SH,688681.SH,688682.SH,688683.SH,688685.SH,688686.SH,688687.SH,688689.SH,688690.SH,688696.SH,688697.SH,688698.SH,688699.SH,688700.SH,688701.SH,688707.SH,688711.SH,688718.SH,688722.SH,688728.SH,688733.SH,688737.SH,688739.SH,688766.SH,688767.SH,688768.SH,688772.SH,688776.SH,688777.SH,688778.SH,688779.SH,688786.SH,688787.SH,688789.SH,688793.SH,688798.SH,688799.SH,688800.SH,688819.SH,830832.BJ,830839.BJ,831039.BJ,831305.BJ,831726.BJ,831768.BJ,831832.BJ,831856.BJ,832000.BJ,832089.BJ,832145.BJ,832171.BJ,832225.BJ,832566.BJ,832735.BJ,832885.BJ,833427.BJ,833454.BJ,833509.BJ,833523.BJ,833873.BJ,834599.BJ,834765.BJ,835174.BJ,835305.BJ,835670.BJ,836077.BJ,836239.BJ,836260.BJ,836675.BJ,836720.BJ,836826.BJ,836892.BJ,837092.BJ,837212.BJ,837344.BJ,838030.BJ,838275.BJ,838924.BJ,839680.BJ,839946.BJ,870436.BJ,871396.BJ,871553.BJ,871642.BJ,871981.BJ,872925.BJ,689009.SH
2021-11-01,36.88,16.34,15.3,20.32,42.45,21.3,17.11,23.85,35.95,26.94,29.34,5.24,61.91,14.43,19.43,41.51,32.33,,20.0,,24.8,10.37,32.55,10.04,25.39,39.77,64.42,55.36,26.25,26.9,72.23,24.4,38.34,20.0,23.2,68.96,21.94,25.29,8.35,11.08,10.02,59.29,30.57,23.09,20.8,22.26,57.89,43.39,16.42,24.8,59.86,31.5,18.09,50.75,29.65,11.7,24.01,26.37,23.6,29.34,23.62,48.16,39.73,78.63,63.8,23.77,27.52,59.36,59.3,23.0,9.11,152.19,27.69,19.3,47.39,28.29,26.31,20.48,36.11,39.42,25.26,26.89,10.79,33.25,10.96,52.27,38.59,41.15,40.55,48.77,33.07,37.28,25.46,20.35,16.51,75.61,31.93,21.2,43.22,35.63,84.4,23.19,123.1,32.49,26.03,230.0,26.16,46.09,22.83,20.62,18.5,23.36,39.28,63.63,34.94,28.48,12.29,148.9,26.82,35.07,13.76,138.0,16.97,82.12,49.0,16.02,88.55,37.69,69.83,64.08,77.0,38.65,30.0,54.32,23.52,34.73,40.47,131.3,31.5,23.43,21.57,37.15,26.09,30.99,16.35,26.32,59.25,34.07,58.9,49.78,19.32,59.25,23.05,19.86,38.49,18.52,20.42,52.24,42.6,28.25,26.92,24.36,27.9,34.8,39.99,27.86,39.31,34.76,75.61,42.37,15.25,64.19,15.48,12.79,93.89,28.07,165.59,12.2,54.77,48.51,29.47,22.09,19.05,10.54,39.75,26.45,43.06,28.8,27.85,58.8,318.08,12.7,31.08,259.8,135.28,26.99,28.31,22.35,10.86,18.89,10.56,20.32,19.18,70.7,14.9,39.33,43.12,23.89,45.75,25.59,48.6,31.0,286.85,25.52,25.91,31.02,31.46,54.3,16.2,30.49,157.0,16.98,24.45,16.86,29.86,83.01,81.54,26.44,29.77,13.11,30.96,,52.22,,,,,,,,,,,,,,,,,,16.5,7.78,11.59,13.79,,49.07,19.71,7.12,7.14,10.7,5.52,9.28,4.33,7.05,2.37,8.91,6.14,8.7,47.97,,31.01,,,63.21,22.39,38.11,16.21,21.97,19.06,16.78,26.85,27.36,34.55,26.1,14.88,7.25,18.75,17.21,31.68,18.04,41.65,73.97,31.02,21.78,67.15,28.18,50.02,329.0,20.43,17.79,10.88,17.11,19.34,13.5,8.23,16.96,25.91,14.2,37.36,17.7,36.83,21.6,10.13,19.92,8.18,27.47,28.71,77.0,11.32,27.23,33.83,25.7,25.99,38.89,17.18,20.24,17.32,13.98,117.65,14.32,41.74,30.8,17.65,13.87,69.43,15.97,28.37,45.44,34.58,24.71,173.14,16.8,26.85,33.39,29.17,14.85,12.01,18.45,37.59,30.12,13.88,11.88,16.95,,25.49,164.78,219.51,24.55,31.54,32.44,,41.48,13.48,,311.15,78.85,44.35,36.6,38.39,61.86,,,48.4,59.9,33.32,24.8,303.74,201.0,43.17,26.0,30.37,32.15,63.89,,59.0,,12.7,60.8,,19.75,19.75,44.0,71.91,,49.67,55.06,11.64,14.95,13.21,,59.25,39.88,50.77,15.32,108.68,48.0,68.0,15.43,8.77,43.49,81.7,104.15,71.98,63.07,42.28,48.53,47.4,29.72,27.2,34.46,34.7,53.58,19.55,23.5,59.43,19.7,120.06,47.82,25.25,5.04,25.15,16.1,270.5,15.13,5.7,23.85,53.55,12.32,23.87,16.91,2.99,33.05,25.04,29.34,14.37,7.93,26.06,30.92,16.29,10.0,170.69,105.78,33.68,232.92,12.47,61.6,59.6,12.22,294.75,38.24,18.96,141.2,58.05,52.29,48.3,24.31,53.49,66.41,144.8,62.2,17.1,63.1,20.65,11.93,13.0,91.95,34.05,58.63,157.51,136.0,50.8,34.23,84.09,21.8,92.24,21.26,11.82,319.12,17.27,111.21,26.05,25.7,285.81,22.81,36.22,78.52,538.03,16.24,22.63,215.48,63.01,11.85,49.9,139.29,30.29,12.21,30.3,72.75,54.34,80.17,398.99,57.94,107.2,38.99,156.95,84.99,104.89,23.39,47.88,62.84,259.03,91.89,212.6,36.22,91.7,43.06,,,,,,,,,,,,,,,,,,,,,,,,,,,,,,,,,,,,,,,,,,,,,,,,62.91
2021-11-02,37.0,16.16,14.62,20.0,41.92,20.95,16.41,23.34,34.32,26.29,28.63,5.34,68.1,14.61,21.37,40.18,31.12,,18.05,,24.65,10.12,31.9,9.82,25.71,39.5,64.75,52.87,25.95,26.74,74.49,23.8,37.73,19.59,23.6,68.97,21.15,24.79,8.13,10.95,9.72,60.98,30.01,22.55,20.4,21.99,63.68,41.43,16.32,25.16,57.99,31.86,17.79,50.18,30.85,11.74,25.33,26.08,22.65,29.61,23.0,49.97,40.01,75.86,61.18,28.52,27.15,58.7,57.69,22.7,8.97,151.6,27.5,19.91,48.35,27.58,25.44,20.16,34.47,39.15,25.23,26.36,10.49,33.28,10.61,52.35,38.16,40.74,41.05,50.44,39.68,37.85,24.68,20.09,17.18,74.2,31.86,20.68,42.37,34.6,83.41,21.73,128.5,32.45,24.99,234.78,25.49,46.12,22.3,19.97,17.92,23.16,39.13,69.02,33.8,29.02,11.93,140.9,27.31,36.59,13.87,143.19,16.75,81.38,49.98,16.14,91.01,37.2,68.74,60.34,75.45,38.07,30.22,56.5,22.42,34.1,41.67,133.08,31.0,22.88,21.6,37.49,25.57,30.12,16.85,25.7,57.51,31.77,60.17,49.1,18.82,58.37,22.25,19.09,37.9,18.09,20.07,49.96,42.58,27.26,27.16,23.7,29.07,33.9,38.74,26.99,38.9,34.43,77.97,41.41,14.61,61.99,15.22,12.39,92.66,30.46,162.66,11.82,55.7,47.55,28.6,21.17,18.3,10.28,40.45,26.38,41.72,28.24,28.3,55.72,310.35,12.32,29.92,258.0,142.99,25.96,27.62,21.07,10.37,18.02,10.82,18.8,18.55,69.41,14.6,41.72,41.73,23.3,45.0,24.4,47.8,31.36,296.0,25.15,26.25,30.06,31.24,54.91,15.39,30.78,167.61,17.38,25.31,16.17,28.8,79.99,77.08,26.7,30.64,12.53,30.97,36.09,50.14,,,,,,64.91,,,,,,,,,,,,15.85,7.55,11.28,14.48,,44.58,19.44,7.02,7.26,10.33,5.38,9.16,4.22,6.92,2.29,8.59,6.02,8.58,48.0,,30.28,,,62.99,21.48,37.49,15.71,23.82,20.97,16.57,25.58,27.46,32.78,25.41,14.7,7.08,18.15,17.02,30.95,17.5,41.3,72.85,30.49,21.88,70.36,27.67,47.61,323.9,20.03,17.39,10.49,16.91,19.04,13.21,8.06,17.0,25.32,14.59,36.48,17.83,36.75,21.03,9.88,20.45,8.13,27.26,28.12,75.0,11.24,27.16,35.9,24.85,25.29,39.13,16.9,19.87,18.42,13.62,115.0,14.35,42.35,31.25,17.35,13.57,67.7,15.92,27.88,44.25,34.29,24.31,174.71,16.56,26.3,32.29,28.09,15.4,11.35,17.4,37.74,31.2,13.47,12.0,16.67,,24.91,164.09,212.42,24.4,32.26,33.12,,40.2,13.32,,312.36,80.85,40.86,37.94,38.14,60.05,,,47.38,62.39,32.43,24.5,294.12,199.55,47.39,25.6,30.1,32.93,65.6,,58.24,,13.26,63.57,,19.54,19.72,45.32,70.56,,50.78,56.61,11.29,14.59,12.63,,58.3,38.4,49.28,15.35,102.6,53.2,67.41,16.01,8.93,43.42,76.22,104.77,72.3,61.26,41.01,47.74,46.0,29.57,26.22,35.61,33.32,53.84,19.08,23.21,59.44,19.0,121.55,48.14,25.45,4.91,25.23,15.68,280.0,14.95,5.54,24.06,54.71,11.91,23.81,18.04,2.98,31.5,24.61,28.38,14.14,7.8,25.67,32.05,16.05,9.97,173.4,103.28,33.82,229.09,12.28,61.95,57.13,11.92,289.17,38.38,18.65,119.7,62.0,52.95,47.45,23.61,53.5,68.44,143.53,62.16,17.25,63.93,20.85,11.63,13.0,92.74,34.1,65.06,159.51,137.0,51.75,32.36,80.9,21.15,86.47,23.52,11.38,303.0,16.9,118.26,25.9,26.55,281.21,22.8,35.67,77.51,557.05,15.85,22.35,211.54,65.16,11.5,48.38,141.63,30.05,12.71,29.25,69.4,51.99,77.26,393.0,56.38,107.0,38.94,157.06,83.91,102.96,23.49,49.2,61.61,259.22,89.89,210.3,35.99,89.47,42.17,,,,,,,,,,,,,,,,,,,,,,,,,,,,,,,,,,,,,,,,,,,,,,,,65.25
2021-11-03,38.52,16.41,14.82,20.18,42.65,20.85,15.61,23.68,35.97,26.55,31.49,5.25,72.0,14.85,20.55,41.78,30.17,,16.25,,24.34,10.16,32.18,9.97,26.62,39.79,64.5,53.3,27.07,27.57,74.21,23.53,37.95,19.76,25.1,69.86,21.35,25.0,8.12,11.04,9.79,60.79,30.12,22.31,20.61,22.45,70.05,41.42,16.11,24.77,57.82,31.2,18.43,48.68,30.5,11.92,25.0,26.14,23.37,29.32,23.34,49.73,40.01,77.34,61.01,27.1,28.26,59.1,58.1,23.07,8.99,147.1,27.66,19.64,44.51,28.21,26.0,20.13,33.73,39.1,25.42,27.0,10.63,33.16,10.64,53.11,38.16,41.81,40.81,49.37,37.93,38.06,25.58,20.24,16.86,73.48,31.92,20.88,42.68,34.78,85.31,21.78,129.1,32.73,25.0,245.01,25.6,46.47,22.7,20.03,18.13,23.9,39.67,67.25,35.09,30.6,12.74,136.83,27.19,36.25,13.91,140.18,16.86,81.87,50.39,16.1,90.88,36.77,74.3,60.35,78.1,38.25,30.09,60.32,22.91,34.1,41.31,125.36,31.02,23.36,21.76,40.68,25.66,30.53,16.4,25.7,58.05,32.22,60.58,49.71,19.17,56.19,22.51,19.41,38.28,18.31,20.4,50.74,42.81,27.06,27.24,24.02,29.81,36.3,39.18,27.37,40.34,34.42,77.71,41.96,14.92,61.4,15.45,12.53,93.31,30.63,165.88,12.31,56.71,46.76,29.45,21.59,18.49,10.6,41.47,26.55,43.24,28.61,28.12,53.95,315.18,12.43,30.2,252.49,138.5,26.75,27.68,21.28,10.44,18.41,10.71,18.85,21.0,69.36,15.63,43.59,43.02,27.96,45.97,25.1,47.88,31.39,282.02,23.79,26.4,31.02,32.21,55.32,16.11,29.95,177.42,17.6,24.9,16.65,29.7,81.79,79.52,25.92,32.49,12.73,30.39,33.29,50.32,,,,,,58.72,,,,46.82,,,,,,,,16.7,7.41,11.38,14.07,,45.17,19.68,7.03,7.09,10.48,5.39,9.27,4.21,6.93,2.29,8.6,6.05,8.58,47.57,,30.35,,,61.85,21.86,38.08,16.11,22.46,21.81,16.77,26.08,28.07,32.57,26.9,14.58,7.1,17.67,17.22,30.18,17.55,41.5,71.37,30.67,21.92,70.83,28.02,47.79,306.62,20.27,17.47,10.64,16.81,19.17,14.53,8.31,16.91,25.31,14.3,36.2,17.61,37.56,21.22,10.09,20.23,8.15,27.35,28.34,75.68,11.29,28.07,32.31,25.57,25.68,39.96,17.07,20.03,18.01,13.69,111.17,14.28,41.8,32.13,17.29,13.85,64.99,15.98,28.2,45.04,34.8,24.63,178.29,16.64,26.65,35.52,28.57,15.28,11.58,19.14,38.25,31.48,13.73,11.78,17.05,,24.86,160.0,214.3,24.47,32.31,33.26,,40.44,13.59,,321.76,87.3,42.77,37.93,38.9,61.58,,,47.83,62.07,32.61,24.75,298.0,205.98,47.56,26.04,29.63,33.33,66.8,,58.55,,13.16,64.93,,19.7,20.12,44.71,73.2,,50.98,56.54,11.58,14.82,12.76,,59.25,39.62,59.14,15.38,105.68,50.5,68.08,16.71,8.98,44.36,72.76,107.16,73.81,62.69,41.31,48.0,47.62,29.48,25.7,35.61,33.57,53.69,18.99,23.29,57.0,19.04,123.49,46.67,25.94,4.87,24.91,16.42,276.33,14.96,5.56,23.6,53.88,12.1,23.84,18.99,2.98,32.81,25.12,27.65,14.13,7.85,26.89,31.81,16.62,10.24,175.98,108.72,34.58,231.45,12.35,62.6,57.43,12.13,285.97,38.85,19.12,122.88,63.93,52.28,47.74,24.06,53.91,67.55,140.6,64.2,17.14,62.0,21.22,11.74,13.13,94.3,34.68,63.52,155.0,136.98,50.13,32.5,80.92,20.27,88.87,23.06,11.42,298.7,17.0,115.84,25.93,26.25,284.48,23.04,35.7,77.06,568.0,15.81,22.09,220.42,68.16,11.69,47.28,162.4,29.05,12.26,30.65,72.3,52.93,78.67,396.16,58.0,104.62,41.1,154.48,86.86,100.79,23.3,48.4,62.36,258.19,90.04,226.29,36.19,90.2,42.21,,,,,,,,,,,,,,,,,,,,,,,,,,,,,,,,,,,,,,,,,,,,,,,,64.41
2021-11-04,38.6,16.45,14.82,20.27,43.1,20.95,16.27,24.12,36.45,26.82,31.26,5.26,71.77,15.13,21.2,41.87,33.19,,16.17,,24.33,10.19,32.74,10.03,29.28,39.6,70.95,50.58,28.35,27.95,74.79,23.5,38.95,19.8,25.14,69.6,21.3,25.37,8.26,11.69,9.9,57.29,30.3,22.8,20.69,22.48,77.06,41.75,16.09,25.98,58.25,31.22,18.37,49.06,30.66,11.73,25.75,26.2,23.52,29.31,23.44,51.21,40.45,77.0,66.21,27.21,28.29,60.01,59.0,23.08,9.08,157.29,27.78,19.65,44.32,28.76,26.12,21.02,35.39,39.9,25.86,28.22,10.8,36.64,11.16,53.05,38.39,41.7,40.95,49.95,38.45,38.4,25.75,20.46,16.56,76.35,31.67,21.04,42.88,35.36,86.56,21.91,141.0,32.44,25.16,235.0,25.54,46.49,23.76,20.5,18.26,23.98,40.31,67.93,35.03,29.81,12.68,164.2,27.64,36.81,14.5,147.1,17.08,85.55,50.42,16.33,93.51,37.24,73.67,64.0,77.41,38.68,31.21,61.6,23.11,34.42,41.32,126.14,31.3,23.95,21.91,41.55,26.18,31.04,16.86,25.89,59.98,32.43,62.7,49.86,19.35,56.22,23.3,20.26,38.52,18.56,20.6,53.8,41.91,27.01,26.65,24.49,30.25,34.58,39.31,28.28,40.34,34.64,76.2,42.47,15.13,62.44,15.55,12.76,93.16,32.6,166.5,12.31,56.95,47.77,30.44,21.88,18.85,10.76,49.76,26.7,43.52,29.91,28.59,56.66,319.71,12.73,30.59,255.0,153.1,27.0,28.14,21.95,10.54,18.54,10.71,18.88,21.13,69.85,16.4,46.2,43.3,26.43,46.08,25.28,52.26,33.85,302.0,25.03,26.61,31.21,32.28,55.84,16.06,29.96,177.45,17.29,25.71,16.82,29.92,83.04,82.98,25.88,31.91,12.82,30.41,36.49,50.92,,,,,,59.66,,,,44.9,,,,,,,,17.45,7.66,11.49,13.98,,44.98,19.78,7.0,7.43,10.46,5.4,9.25,4.19,6.94,2.28,8.63,6.21,8.6,47.46,,30.22,,,62.01,21.95,38.32,16.19,22.53,23.99,16.96,26.75,29.06,32.07,27.05,14.88,7.18,18.3,17.39,30.72,17.63,42.9,70.35,30.79,22.0,74.94,28.52,47.48,298.88,20.42,17.56,10.82,16.98,19.32,14.53,8.37,17.35,25.51,14.81,36.3,17.45,38.19,21.31,10.21,20.16,8.25,27.87,28.55,75.49,11.35,28.47,33.14,25.56,25.62,40.18,17.23,20.02,19.81,13.76,122.29,14.68,45.27,33.51,17.38,14.18,66.6,15.94,28.34,45.02,36.03,24.83,189.02,16.77,26.77,39.07,29.74,15.93,11.66,19.02,38.35,32.98,13.78,11.71,17.31,,24.98,168.97,228.02,25.15,32.76,34.94,,40.61,13.64,,342.4,88.29,45.65,38.02,42.04,65.8,,,49.1,62.24,32.78,26.87,286.12,223.2,47.62,26.17,31.04,34.69,66.6,,65.55,,13.32,65.4,,20.69,20.14,45.75,72.63,,52.4,56.23,11.82,14.88,13.67,,60.99,39.66,60.93,15.79,105.94,50.31,64.89,17.0,9.0,47.69,72.82,115.86,76.63,64.38,44.1,49.97,47.62,29.4,26.46,35.98,36.74,54.23,19.41,23.84,56.52,19.11,126.04,45.96,26.71,4.88,25.26,16.23,282.0,15.19,5.75,24.06,56.15,12.44,24.45,22.79,2.99,33.08,25.65,29.18,14.3,7.94,26.54,32.9,16.76,10.59,176.32,108.65,36.27,237.43,12.52,66.2,57.45,12.31,297.0,39.0,19.12,122.01,65.79,53.3,48.5,24.32,60.31,67.57,139.68,68.7,17.62,61.98,21.15,12.09,15.02,94.63,35.1,63.3,164.29,138.0,52.66,33.88,82.86,23.38,88.57,24.91,11.5,300.07,17.45,122.8,26.03,26.82,295.3,23.0,36.92,78.9,564.5,16.9,23.15,228.5,72.57,11.81,48.35,158.9,29.79,12.49,30.7,74.78,52.49,77.73,398.0,57.88,113.06,42.9,162.69,90.13,105.0,23.81,50.1,63.72,257.15,94.25,238.2,36.15,100.44,43.3,,,,,,,,,,,,,,,,,,,,,,,,,,,,,,,,,,,,,,,,,,,,,,,,64.52
2021-11-05,38.19,16.62,14.51,20.12,44.27,21.92,15.8,25.0,37.09,27.87,31.48,5.21,71.0,16.64,20.03,43.54,34.19,,17.79,,25.16,10.02,32.95,10.08,32.21,39.63,70.29,45.52,29.48,28.7,75.2,23.24,40.16,19.94,25.35,68.17,21.67,25.6,8.1,11.29,9.85,56.8,30.04,25.08,20.94,22.49,79.25,42.03,16.47,28.76,59.12,32.42,18.5,48.48,30.22,11.91,25.51,26.46,23.76,30.7,23.57,54.67,41.48,76.84,65.2,27.51,28.43,62.12,60.12,22.87,9.46,166.15,27.77,20.57,45.54,28.46,27.99,21.43,34.5,40.75,26.3,29.15,10.99,37.5,11.02,53.32,38.98,40.9,41.36,50.61,39.1,38.83,25.91,20.64,16.93,76.32,31.45,21.04,42.87,35.73,95.08,21.8,143.78,33.36,25.67,223.71,25.8,47.69,23.74,20.54,18.39,23.95,43.07,67.18,35.47,29.15,12.92,147.97,26.89,37.23,14.55,142.25,16.8,84.94,49.04,17.43,92.92,37.5,74.75,62.7,77.22,43.0,30.57,65.07,23.79,34.83,41.42,117.77,31.89,23.82,22.12,41.48,26.18,31.83,16.76,26.58,59.94,33.95,63.44,50.25,19.56,56.66,23.32,21.0,39.12,18.6,20.45,56.69,41.85,27.31,25.62,24.51,28.6,33.8,39.83,28.15,40.7,35.19,74.67,43.26,18.16,61.19,15.75,12.76,95.1,32.68,161.32,12.48,57.33,47.0,30.13,22.14,19.21,10.82,49.0,27.27,45.03,30.28,28.82,59.08,320.33,12.72,30.99,250.8,148.38,27.98,28.7,22.0,10.62,18.68,10.5,19.01,21.73,68.19,15.97,44.3,43.34,25.95,46.67,25.45,47.1,34.3,314.2,25.12,26.55,31.8,32.45,55.08,16.36,29.89,177.8,17.18,26.35,17.14,30.84,84.16,86.03,26.52,38.29,12.85,30.84,38.02,52.49,,,,,,60.68,,,,48.99,,,,,,,,16.19,7.07,11.34,14.08,,42.8,19.52,6.95,7.29,10.38,5.37,9.23,4.24,6.95,2.23,8.74,6.24,8.57,46.17,,30.34,,,62.88,21.75,37.46,15.91,23.01,22.16,17.1,26.9,28.71,30.08,26.22,15.29,7.14,18.07,17.02,30.71,17.87,43.18,68.5,31.01,21.82,73.2,27.86,46.2,300.0,20.45,17.71,11.9,17.27,19.36,13.79,8.38,17.52,25.52,15.03,34.15,17.67,38.1,21.14,9.9,19.88,8.37,28.24,28.96,76.9,11.4,29.7,33.77,25.58,27.15,39.51,17.31,19.02,20.7,13.77,124.35,15.01,46.55,35.06,17.53,14.09,69.52,16.27,28.36,45.05,36.26,24.83,185.82,16.92,26.55,42.98,31.13,16.0,12.24,18.8,39.36,34.2,13.91,11.9,17.5,,24.83,162.05,212.05,25.15,33.06,39.22,,39.78,14.14,,332.81,84.58,44.99,38.04,43.0,67.7,,,49.9,62.16,32.9,25.71,285.02,209.0,46.95,26.61,34.34,34.24,64.41,,64.48,,13.33,65.38,,22.2,21.13,46.34,75.25,,51.5,57.37,12.09,14.88,14.12,,60.47,40.11,60.9,16.13,101.75,50.17,65.69,17.2,8.95,46.52,68.88,117.43,70.3,63.95,42.63,50.85,47.98,29.5,26.04,36.16,36.57,52.61,19.18,23.84,56.32,18.96,124.53,46.05,26.5,4.86,25.47,16.51,284.61,15.37,5.79,22.99,55.74,12.65,24.96,27.35,3.01,33.59,25.45,28.43,14.34,7.92,26.53,34.65,17.33,11.09,181.8,108.35,36.52,237.1,12.99,64.75,57.51,12.34,294.27,39.6,19.37,121.0,66.72,51.35,49.79,24.28,64.53,68.54,137.32,68.92,17.9,61.8,21.07,12.27,14.34,98.3,35.09,61.0,165.0,136.46,51.8,32.89,80.72,22.18,86.0,23.72,11.52,289.0,18.61,129.98,24.95,26.04,308.14,23.05,37.2,77.39,560.04,16.72,22.76,223.06,76.55,11.89,47.35,152.25,29.45,12.66,31.31,73.28,52.84,78.05,392.0,57.1,114.98,49.12,159.0,88.16,106.22,25.42,51.04,68.44,268.29,93.4,239.0,36.29,99.74,42.85,,,,,,,,,,,,,,,,,,,,,,,,,,,,,,,,,,,,,,,,,,,,,,,,63.0
2021-11-08,37.53,16.74,14.77,21.28,43.4,22.83,15.93,24.65,36.66,28.09,31.7,5.35,70.24,16.0,20.52,42.62,31.28,,16.94,,25.35,10.25,33.73,10.3,30.69,40.09,72.45,46.45,28.81,29.29,73.17,25.56,40.23,19.83,25.11,71.85,21.15,25.49,8.11,11.41,10.04,53.11,33.04,24.11,23.03,22.78,80.58,42.75,17.38,27.28,59.05,32.84,18.25,47.36,30.24,11.8,25.2,24.31,23.5,30.07,23.32,51.15,41.04,75.51,65.09,28.39,28.35,59.15,59.34,23.29,9.35,173.85,28.44,20.2,43.02,28.49,29.65,22.18,34.76,41.34,27.65,29.13,10.96,36.91,11.3,52.84,38.45,40.44,41.0,49.45,38.16,38.27,25.5,21.07,17.2,88.35,31.93,21.46,43.16,35.88,97.4,22.05,146.45,34.89,25.19,222.9,26.23,46.78,23.91,21.34,18.7,24.36,42.49,67.98,35.93,28.67,13.52,148.15,27.11,38.71,14.56,138.0,17.19,81.45,48.73,17.89,92.17,38.15,71.07,61.0,77.38,44.0,31.39,63.43,23.9,35.12,41.61,116.85,33.01,23.98,24.53,45.0,26.92,32.04,16.3,27.66,60.2,33.67,59.56,50.55,20.11,57.18,23.53,21.9,38.89,18.51,20.8,59.0,40.64,28.25,26.07,24.94,26.45,35.09,40.58,28.45,40.35,36.22,74.44,43.29,18.35,62.98,15.93,13.01,91.3,31.38,166.06,12.31,55.42,46.42,30.34,22.29,19.0,10.9,53.0,27.2,45.33,29.91,28.42,61.4,312.67,12.92,31.3,248.0,145.01,28.76,28.86,21.62,10.75,18.97,10.89,19.32,21.12,65.85,16.0,46.1,43.96,26.25,46.14,25.8,50.92,34.65,327.22,26.53,27.3,32.57,33.27,55.57,15.95,31.62,176.3,18.09,29.2,18.0,31.04,82.25,82.92,25.84,45.95,12.65,30.63,39.37,50.02,,,,,,59.83,,,,46.39,,,,,,,,16.44,6.96,11.53,14.17,,43.5,19.67,6.84,7.38,10.55,5.42,9.15,4.21,6.96,2.21,8.69,6.2,8.61,48.0,,29.25,,,62.92,21.98,39.08,17.5,22.6,22.0,16.97,26.46,29.56,30.74,26.19,14.95,7.27,18.31,17.65,31.67,18.4,42.84,68.69,31.84,21.93,70.7,29.92,45.94,302.0,20.53,17.79,11.45,17.19,19.57,13.64,8.3,18.28,25.64,14.57,33.98,19.44,37.9,21.15,10.16,20.04,8.39,28.2,29.67,75.49,11.51,32.67,37.15,25.85,26.92,39.41,17.64,19.54,20.11,13.93,119.2,15.28,45.86,34.09,17.69,14.33,76.47,16.23,28.85,44.5,37.62,25.33,185.96,16.87,26.53,41.67,30.05,15.28,12.16,18.86,39.05,34.92,14.14,11.93,17.36,,25.8,155.0,216.38,25.1,33.44,39.7,,38.7,13.96,,324.75,87.0,42.88,39.03,40.2,68.55,,,49.49,61.1,32.8,25.72,284.63,208.86,48.47,25.82,36.7,33.89,61.05,,63.56,,13.26,68.53,,21.9,20.97,45.61,79.0,,50.2,54.49,11.95,15.44,14.17,,62.93,40.1,61.08,15.92,101.1,48.2,63.43,16.83,9.04,45.98,70.13,125.88,69.0,62.81,41.17,50.94,49.68,29.13,25.9,35.5,36.44,54.4,19.94,24.64,55.46,19.0,123.99,45.22,26.6,4.96,25.68,16.17,304.1,15.63,5.78,22.6,56.75,12.64,28.5,32.82,3.0,33.73,25.79,29.64,14.53,8.05,26.07,34.27,17.45,11.1,176.71,106.19,35.29,231.01,12.71,66.53,52.94,12.39,300.81,39.21,19.37,119.18,67.95,50.56,47.98,24.17,66.35,65.79,138.72,72.09,17.99,60.42,20.84,12.36,14.02,106.0,34.77,61.5,162.89,140.85,51.53,32.8,80.42,22.28,87.32,23.65,11.78,297.48,18.93,125.83,26.72,26.16,305.1,23.05,37.81,74.57,545.0,17.32,22.77,211.87,76.36,12.2,49.8,150.23,30.64,12.97,30.63,76.18,52.93,76.9,397.0,55.25,114.76,52.1,158.16,86.86,113.65,26.4,52.28,67.4,263.01,92.27,237.33,35.71,105.51,44.61,,,,,,,,,,,,,,,,,,,,,,,,,,,,,,,,,,,,,,,,,,,,,,,,63.24
2021-11-09,37.61,16.87,14.83,21.0,43.59,23.46,15.88,24.6,36.15,27.9,31.47,5.33,73.0,15.6,20.08,42.25,31.42,,16.83,,25.19,10.33,33.7,10.34,29.2,40.63,72.35,46.9,28.79,29.2,78.16,25.49,40.39,20.24,25.3,77.34,21.45,25.89,8.21,11.54,10.06,53.06,32.38,24.46,23.12,22.82,78.65,44.48,16.88,27.14,60.06,33.39,18.53,47.78,31.16,12.09,26.27,26.3,23.78,30.36,23.72,51.3,41.33,75.2,66.25,28.24,34.02,59.99,60.38,23.48,9.71,174.0,28.43,20.45,43.2,28.82,32.19,22.18,35.8,41.51,27.35,30.84,11.04,37.26,11.58,54.39,39.4,42.3,41.38,51.19,37.63,39.5,26.39,21.43,17.59,88.38,33.5,21.72,43.81,36.28,96.05,22.54,149.95,34.48,25.66,224.61,26.39,47.4,24.36,21.41,18.99,24.55,43.3,69.0,43.12,28.83,13.21,139.55,28.96,38.7,15.74,136.03,17.23,82.41,51.73,17.85,92.1,38.92,72.03,63.87,78.27,50.21,32.0,59.91,24.15,35.85,41.92,119.35,32.93,24.28,24.6,44.31,27.44,32.45,16.4,28.0,60.91,33.85,58.98,51.92,20.66,57.6,24.16,21.97,39.63,18.73,21.01,62.31,43.39,28.9,26.84,26.15,26.84,34.23,41.31,29.03,42.1,36.75,75.02,44.58,18.3,68.01,16.24,13.06,91.5,34.79,163.05,12.51,60.2,47.19,30.91,22.69,19.27,10.48,54.26,27.78,46.6,30.58,29.16,60.47,327.75,12.98,32.27,262.2,145.25,28.52,29.26,22.28,10.93,19.3,10.92,20.1,22.1,67.37,15.67,45.66,48.87,25.63,48.11,26.67,50.43,36.71,320.85,26.2,27.85,36.5,35.0,59.96,16.15,31.83,181.04,18.53,27.33,17.64,32.15,86.28,81.58,26.13,55.14,13.18,30.85,39.62,50.37,,,,,,58.01,,,,44.25,,,,,,,,16.51,7.13,11.62,14.08,,44.71,19.64,6.92,7.34,10.68,5.43,9.16,4.22,6.96,2.23,8.72,6.28,8.61,47.98,,29.33,,,69.21,21.98,38.74,17.11,23.24,23.18,16.94,25.87,29.88,31.08,25.83,15.16,7.25,18.51,17.81,33.44,18.25,44.54,70.55,31.76,22.22,72.72,31.12,46.88,310.99,20.84,17.95,11.51,17.26,19.59,13.5,8.94,18.17,26.09,14.48,33.0,21.38,37.32,21.56,10.15,20.2,8.45,28.43,32.64,76.08,11.54,33.51,40.1,26.37,26.84,39.54,17.75,19.53,20.11,14.18,122.17,15.14,45.69,33.92,17.85,14.19,80.8,16.28,28.72,45.4,37.51,25.65,179.6,16.96,27.68,42.3,30.0,15.88,12.15,18.9,39.48,34.64,13.99,11.92,17.77,,25.23,156.6,214.55,25.4,34.2,39.47,,39.82,14.27,,332.67,89.73,45.87,39.03,40.57,74.5,,,50.8,64.69,33.83,25.94,293.05,204.0,48.66,26.16,35.07,34.57,65.41,,64.95,,13.28,67.09,,22.72,20.61,48.0,80.1,,53.76,55.66,12.38,15.14,14.15,,63.37,40.95,58.8,16.35,99.78,51.0,64.72,17.73,9.05,46.84,72.0,121.02,68.21,64.85,41.78,51.48,49.42,29.74,27.18,36.95,38.52,55.2,20.31,24.7,57.2,19.26,127.01,48.16,27.2,4.94,26.19,16.32,311.86,15.68,5.88,24.65,58.9,12.79,29.56,33.04,3.0,34.55,26.1,34.2,14.65,8.07,26.75,35.65,17.78,11.61,186.97,106.35,35.86,234.48,12.94,69.5,53.86,12.42,293.96,39.57,19.73,122.92,68.95,50.41,49.48,24.63,70.16,70.63,146.99,73.3,18.21,62.76,21.05,12.38,14.02,104.41,35.77,59.45,163.01,154.37,53.08,33.05,80.42,22.36,85.99,24.36,11.87,298.0,18.94,130.42,26.54,27.57,302.18,23.58,38.49,81.9,562.1,17.29,23.99,228.78,85.35,12.34,49.5,151.0,31.22,13.51,31.99,77.02,53.79,77.35,417.7,55.7,119.4,51.6,169.51,87.87,112.59,26.14,51.42,66.66,271.86,92.66,243.95,37.05,102.0,44.63,,,,,,,,,,,,,,,,,,,,,,,,,,,,,,,,,,,,,,,,,,,,,,,,63.3
2021-11-10,37.34,16.79,14.58,20.84,43.52,22.8,16.18,24.85,35.49,28.62,31.1,5.39,68.81,15.25,19.6,42.42,31.6,,16.72,,25.59,10.38,33.83,10.36,30.74,40.65,74.23,45.8,28.35,29.93,79.35,25.34,40.74,20.34,25.33,79.55,21.92,26.22,8.12,11.55,10.02,51.1,31.77,24.67,24.88,22.81,86.52,44.35,17.12,26.94,60.16,31.54,18.72,48.1,31.59,12.13,26.71,29.28,23.85,31.37,23.95,50.35,41.99,73.01,65.4,28.66,32.12,60.5,61.0,24.0,9.56,164.87,28.42,20.55,44.37,29.38,32.78,22.75,38.26,42.5,27.18,31.24,11.28,40.05,11.55,54.8,39.36,44.13,42.2,51.85,38.2,39.43,26.3,21.79,18.62,89.4,33.08,21.82,47.1,36.2,96.52,22.49,149.63,34.7,26.88,215.28,26.59,47.57,24.17,22.1,19.32,24.64,44.14,69.3,43.26,29.21,13.9,142.24,28.91,39.56,15.78,133.51,17.56,90.4,52.86,18.65,90.74,38.89,73.11,64.39,78.09,47.2,32.0,60.34,25.07,36.77,42.3,126.19,33.7,24.3,24.32,45.32,27.38,33.12,16.24,33.6,63.0,32.72,58.96,52.43,20.83,55.91,24.3,22.85,39.65,18.85,21.04,61.4,45.69,30.76,27.49,26.18,27.95,32.99,41.6,29.36,42.33,38.1,74.97,44.63,17.91,67.66,16.19,13.21,90.6,35.14,152.71,12.96,61.06,46.87,31.14,22.82,19.34,10.63,53.53,28.28,45.82,30.59,30.1,59.58,326.79,13.1,32.45,264.99,142.5,28.85,29.6,22.87,10.91,19.25,10.98,20.3,21.82,67.95,16.15,46.45,58.64,25.67,48.86,26.82,55.66,35.99,323.0,27.27,27.27,38.35,34.27,59.39,16.41,32.21,176.09,18.79,28.3,18.26,32.66,86.83,82.23,26.88,66.17,13.18,31.62,41.46,51.74,,,,,56.1,57.85,,24.8,,42.67,,,,,,,,15.83,7.14,11.63,14.2,,44.14,19.8,6.92,7.39,10.82,5.46,9.28,4.21,6.95,2.22,8.87,6.28,8.62,48.17,,29.16,,,72.46,21.8,38.39,17.2,23.66,23.54,16.74,25.0,29.94,31.02,25.9,15.06,7.28,18.4,17.39,34.43,18.71,44.69,69.02,31.92,22.06,72.72,31.14,46.01,299.0,20.79,18.28,11.49,17.4,19.67,13.47,8.88,17.43,27.76,14.38,33.31,21.43,39.05,21.71,10.21,20.81,8.61,28.4,33.11,77.04,11.59,32.4,39.1,26.83,29.52,39.07,17.82,19.45,19.69,14.17,118.81,16.07,44.98,33.51,17.79,13.98,79.89,16.37,28.6,45.98,37.66,25.69,175.0,17.01,28.22,42.96,29.5,15.93,12.71,19.07,39.58,35.17,14.03,11.94,17.9,,26.1,158.8,244.75,25.69,33.98,43.7,,41.61,14.61,,331.0,87.95,45.88,40.56,39.75,71.93,,,52.0,66.7,34.24,26.26,298.0,215.8,47.35,27.0,33.77,35.03,66.84,89.5,64.81,,13.38,67.4,,23.24,23.45,51.09,80.55,,53.76,56.39,12.35,15.16,14.28,,62.2,41.33,57.73,18.4,99.87,54.25,68.5,16.58,8.98,47.39,70.77,116.45,68.75,67.8,41.48,52.81,50.77,30.44,27.49,38.14,39.04,55.66,20.32,24.78,60.61,19.39,122.06,48.05,27.37,4.93,26.24,16.68,300.21,15.73,5.88,26.05,58.58,12.86,29.39,33.75,3.0,34.99,25.99,34.4,14.69,8.07,27.08,36.3,18.46,12.07,184.8,106.86,36.01,232.73,13.93,69.89,54.55,12.56,297.0,40.04,20.14,121.64,71.32,54.58,49.79,24.81,71.49,70.79,148.4,74.68,18.22,62.85,21.13,12.68,13.89,115.0,37.6,61.87,159.62,156.0,53.13,32.61,79.84,21.81,86.17,24.38,12.01,300.27,18.91,128.54,26.3,27.47,307.92,23.67,40.23,80.6,553.5,17.7,24.34,228.07,86.0,12.28,47.8,150.48,31.06,14.04,32.31,75.01,53.55,78.37,417.65,56.15,117.01,52.98,169.99,85.68,110.42,26.0,50.61,68.5,271.86,99.34,244.58,38.2,102.44,44.27,,,,,,,,,,,,,,,,,,,,,,,,,,,,,,,,,,,,,,,,,,,,,,,,63.49
2021-11-11,37.24,16.81,15.0,20.95,44.22,22.7,15.76,25.04,35.6,28.48,31.83,5.39,67.3,15.39,19.95,43.02,31.35,,17.12,,25.54,10.42,33.98,10.41,31.96,40.85,73.78,44.91,28.26,30.33,87.29,25.6,41.1,20.3,24.88,83.41,22.08,26.43,8.14,11.7,10.33,50.42,31.33,25.0,25.23,23.07,89.77,47.77,17.18,28.06,61.91,32.63,18.9,52.48,33.15,12.19,27.47,28.19,24.45,32.26,24.29,50.5,42.91,75.56,68.72,27.92,32.99,61.77,62.35,28.8,9.62,169.66,29.27,20.84,46.0,29.67,32.62,23.0,37.1,47.5,30.31,35.0,11.7,39.7,11.78,55.45,40.17,44.72,42.75,53.7,38.98,40.45,26.33,22.4,19.89,91.7,33.16,22.12,47.42,37.17,94.35,22.71,152.18,34.66,26.82,214.4,27.45,48.51,24.51,22.22,19.5,25.16,43.92,69.05,42.35,28.85,13.86,154.25,28.88,39.83,15.57,136.4,17.51,89.65,57.8,21.81,93.68,39.37,74.51,66.07,79.22,46.97,32.3,67.5,28.08,37.09,42.82,131.24,35.09,24.71,25.08,47.53,27.77,32.7,16.53,40.32,68.21,33.13,66.45,53.42,21.4,55.99,24.79,21.95,40.4,19.07,21.64,62.69,44.46,31.53,27.66,26.57,27.48,31.98,42.16,30.37,42.77,38.38,79.19,45.41,19.59,69.8,16.77,13.65,90.96,34.1,155.59,12.92,61.08,47.5,33.3,23.68,19.66,10.77,51.4,29.19,46.14,32.24,30.2,58.85,326.33,13.51,33.32,260.75,144.97,30.0,30.2,22.93,11.11,19.64,11.18,20.7,21.75,70.69,16.6,45.56,56.21,26.63,50.76,27.72,58.0,35.71,339.0,27.64,27.69,37.08,35.5,61.52,17.38,31.45,175.0,20.0,28.43,18.56,32.55,88.78,83.09,28.04,75.99,13.99,32.89,49.75,54.69,,,,,49.98,65.16,,20.9,,43.86,,,,27.12,,,,15.39,6.92,12.04,14.39,,44.6,19.88,6.97,8.13,11.08,5.5,9.4,4.21,7.01,2.23,8.91,6.3,8.69,49.23,,30.47,8.63,,73.0,21.98,39.47,17.18,25.15,23.51,17.16,24.55,29.32,30.85,25.4,15.6,7.38,18.15,17.1,34.88,18.73,43.79,69.58,32.76,22.51,71.52,30.7,46.11,293.19,21.19,18.73,11.93,17.62,19.91,13.26,8.96,17.24,27.23,14.35,33.85,20.36,35.95,21.87,10.12,21.22,8.85,28.64,32.04,77.09,11.8,32.31,40.91,26.81,32.47,39.04,18.04,19.73,19.57,14.23,113.89,16.64,44.63,33.54,18.04,13.97,77.19,16.48,28.81,46.2,37.67,25.82,177.72,17.1,28.24,40.6,30.55,15.61,12.81,18.68,40.6,36.29,14.19,12.23,17.97,,25.77,164.67,242.53,26.24,34.46,43.69,,41.95,14.62,,332.6,87.41,47.37,39.66,40.16,72.12,,,53.11,66.7,35.0,26.58,304.1,213.41,49.3,26.88,34.36,36.25,66.88,90.8,67.4,,13.59,69.96,,24.73,24.46,51.0,83.0,,54.1,58.5,12.33,15.03,14.29,,58.91,42.21,60.4,17.63,103.2,54.24,67.71,16.77,9.15,47.36,70.65,121.17,72.48,69.18,41.49,54.05,50.41,30.9,28.89,40.54,39.81,56.69,20.49,24.93,61.34,19.84,124.74,50.19,27.89,5.01,26.98,17.18,298.0,15.93,6.05,26.05,59.3,13.0,30.5,37.5,3.04,35.62,26.43,34.43,14.95,8.15,27.16,36.45,18.24,11.95,185.0,107.7,36.55,245.73,13.88,68.33,56.18,12.79,301.68,40.42,20.37,119.41,70.39,57.3,51.44,25.61,71.28,72.8,157.77,79.6,18.64,63.0,21.15,12.96,13.46,111.95,38.11,62.35,153.81,162.99,55.33,32.75,79.8,26.17,91.35,24.8,12.14,309.98,19.25,132.48,26.97,27.64,308.0,24.31,41.89,80.01,548.34,18.05,24.42,227.6,87.13,12.45,47.29,162.99,30.98,15.15,32.75,79.18,54.15,78.81,417.28,59.3,116.77,52.49,199.99,88.29,109.12,25.49,51.26,75.98,271.01,98.9,252.3,38.28,109.52,44.02,,,,,,,,,,,,,,,,,,,,,,,,,,,,,,,,,,,,,,,,,,,,,,,,64.06
2021-11-12,37.43,16.73,14.96,21.21,44.7,22.7,15.81,25.32,35.58,28.62,31.94,5.34,67.56,15.81,20.77,43.35,31.58,,17.35,,25.55,10.54,34.15,10.5,30.41,41.33,74.35,46.67,28.39,30.94,89.2,25.65,42.35,20.42,25.18,84.0,21.93,26.78,8.23,11.75,10.25,54.51,31.07,25.18,26.03,23.09,92.05,47.45,17.71,28.15,61.91,33.17,18.94,53.12,39.78,12.25,29.0,28.49,24.81,31.96,24.78,50.48,42.81,77.21,69.13,29.0,33.86,60.66,66.24,29.9,9.69,157.8,29.55,21.05,47.57,30.26,34.3,24.35,37.15,46.1,29.48,35.0,11.57,47.64,12.21,56.2,40.52,45.0,43.0,53.84,40.14,41.19,26.46,22.67,19.41,88.89,33.3,22.3,53.19,37.43,99.87,22.88,156.48,34.15,26.7,208.31,27.57,48.9,24.98,22.36,19.63,25.49,45.36,71.59,45.07,27.52,13.72,159.47,29.7,41.07,15.66,139.58,17.89,90.81,56.42,20.97,92.37,40.0,74.86,76.07,79.82,47.01,32.59,68.51,26.66,37.56,43.06,137.99,35.45,25.1,26.25,48.88,27.95,33.38,16.63,44.8,70.4,34.3,66.48,53.55,21.35,58.94,25.06,23.3,40.79,19.51,21.9,63.76,46.06,31.35,28.09,26.65,27.89,33.62,42.34,30.85,44.59,39.78,80.09,46.17,18.69,69.14,16.98,14.1,94.5,33.85,186.71,13.19,63.48,51.44,33.0,24.08,19.79,10.93,54.11,29.62,46.63,32.0,31.06,62.76,331.98,13.55,33.71,267.25,144.08,30.4,30.82,23.58,11.45,20.22,11.68,21.42,22.95,73.37,17.28,48.65,62.34,25.72,52.98,29.34,61.23,37.12,333.5,29.05,29.05,40.69,38.75,63.8,17.74,34.05,187.0,24.0,31.0,19.51,36.0,94.05,87.9,28.34,91.19,14.75,33.9,52.28,55.91,34.0,,,,55.0,68.58,,26.91,,46.27,78.9,,,27.95,,,,15.4,6.9,11.83,14.23,,45.27,20.03,6.89,8.12,11.0,5.47,9.32,4.21,6.99,2.21,8.86,6.34,8.66,48.93,,31.35,9.49,,70.71,21.98,40.51,17.13,24.28,25.86,17.62,25.19,30.17,31.4,25.41,15.67,7.36,18.28,17.68,37.23,18.99,44.24,71.6,32.45,22.53,70.23,31.57,46.74,312.99,20.95,20.6,12.5,17.93,19.97,13.39,9.02,16.98,27.07,14.25,34.67,20.35,36.5,22.2,10.17,21.73,9.27,29.12,32.47,77.33,11.79,33.73,41.32,27.02,32.93,39.28,18.26,19.76,19.21,14.22,116.0,16.64,42.2,33.37,18.41,13.89,74.93,16.63,29.31,48.58,38.5,26.0,178.0,17.12,28.3,44.66,31.44,15.88,12.54,18.7,42.31,37.64,14.3,12.23,18.19,,26.4,168.18,245.21,26.55,35.02,47.73,,41.5,15.05,,337.85,89.9,50.15,41.74,44.33,75.62,,70.25,52.93,69.89,34.83,27.3,303.0,219.09,48.71,26.77,33.51,37.8,68.8,105.0,80.88,,13.8,67.61,,26.27,25.23,53.18,82.01,,55.09,60.31,12.18,15.04,14.92,,62.42,43.38,60.39,18.16,105.5,58.03,68.47,20.12,9.86,46.9,71.65,119.61,72.16,72.7,42.76,53.29,49.55,31.08,29.11,42.3,40.4,58.91,20.82,25.9,64.67,20.25,130.68,50.27,28.39,5.0,27.52,17.18,313.5,16.14,6.12,26.98,60.4,13.65,31.06,39.51,3.05,35.89,26.69,35.15,15.19,8.17,27.72,36.55,18.28,12.31,181.8,108.47,36.95,247.0,14.04,82.0,56.75,13.05,301.88,40.77,20.42,121.0,71.0,57.59,50.98,25.78,74.48,73.95,160.6,85.51,19.2,63.5,21.3,13.23,13.93,112.0,38.5,67.3,165.2,166.65,58.0,33.21,81.78,31.4,95.95,29.76,12.21,320.2,22.4,136.36,27.07,29.05,308.58,24.4,42.1,83.74,585.0,18.85,25.1,222.88,87.0,12.69,47.3,163.96,31.03,15.93,33.37,80.08,55.9,80.7,419.52,59.98,120.5,57.58,200.0,91.56,113.68,26.27,53.36,77.83,293.89,107.32,259.02,38.86,127.0,44.79,,,,,,,,,,,,,,,,,,,,,,,,,,,,,,,,,,,,,,,,,,,,,,,,66.0
2021-11-15,37.8,17.06,15.06,21.46,45.53,22.94,16.25,25.62,36.3,29.17,32.46,5.37,68.35,16.41,20.3,44.39,32.73,,17.6,,26.03,11.03,34.53,10.69,30.8,41.67,78.01,43.39,28.82,32.29,84.85,25.9,42.06,20.9,26.98,83.6,22.22,27.35,8.26,11.98,10.36,56.0,31.42,25.82,27.38,23.54,85.7,56.94,17.76,28.52,64.18,35.2,19.07,52.53,41.82,12.58,28.95,28.65,25.36,32.39,25.32,52.64,44.03,76.55,69.0,29.8,34.93,64.0,69.51,29.71,9.97,154.72,30.3,22.33,46.52,31.17,33.79,29.22,38.29,47.97,30.7,35.0,11.91,44.86,12.59,57.4,41.46,47.26,43.83,54.93,40.28,41.97,27.5,23.65,20.96,88.52,34.12,23.28,55.6,38.7,96.86,23.55,151.0,36.13,26.31,211.3,28.33,50.75,25.36,22.86,20.25,25.84,46.87,71.25,45.15,25.65,14.75,153.16,28.56,41.44,16.05,150.68,18.28,92.9,58.18,22.5,94.84,40.78,76.38,78.6,80.55,47.66,33.88,66.57,28.18,38.7,43.91,129.69,35.64,25.62,26.52,48.88,28.93,33.9,17.52,53.76,75.59,35.29,67.02,54.85,22.11,68.0,25.7,25.01,41.76,20.07,22.43,65.88,45.19,33.7,29.0,27.23,29.34,31.98,43.25,32.04,44.64,41.22,80.38,48.45,19.31,68.82,17.75,14.5,94.2,32.7,180.0,13.42,63.18,51.99,33.85,27.13,20.24,11.25,51.9,30.49,48.0,32.91,31.52,61.28,338.77,14.21,35.9,263.9,143.0,32.79,32.32,24.38,11.83,21.15,12.48,22.3,24.14,76.28,17.6,47.49,62.01,28.33,59.5,31.11,57.88,38.1,314.46,28.97,29.74,48.83,40.0,66.09,18.21,35.3,197.8,28.8,31.99,23.41,38.3,98.15,87.76,28.72,,15.7,34.45,49.33,55.93,40.08,,,,64.71,74.95,,27.71,,46.25,83.01,,,29.18,16.95,8.15,23.81,15.41,6.7,11.68,14.38,,45.4,20.57,6.91,8.28,10.99,5.48,9.5,4.22,7.02,2.19,8.95,6.47,8.68,47.98,,31.4,10.44,,69.0,22.33,40.86,17.35,25.4,26.98,17.39,25.26,30.65,30.16,25.83,16.0,7.55,19.16,17.6,37.69,19.12,45.62,70.61,32.88,22.81,77.25,33.4,48.38,296.89,21.27,22.66,12.33,18.13,20.41,13.96,9.14,17.2,27.38,14.65,35.52,20.47,39.15,22.78,10.61,21.83,9.22,29.66,35.72,78.3,12.15,37.1,39.19,27.79,33.88,39.77,18.55,20.75,21.13,14.56,105.8,16.98,43.18,35.54,18.56,14.2,73.48,16.94,29.5,48.3,39.3,26.3,182.72,17.33,29.4,45.46,31.75,16.24,13.05,19.46,42.81,36.6,14.51,12.43,18.88,,27.17,170.0,242.69,27.06,36.04,49.35,,42.46,15.8,,320.08,93.63,50.01,42.36,48.4,73.49,85.35,67.12,53.49,69.99,36.61,27.15,301.89,230.28,48.38,27.85,32.4,37.91,69.2,98.76,81.48,,13.77,66.97,,26.74,26.26,55.01,82.49,38.51,54.82,59.95,12.68,15.95,15.24,,65.56,43.7,62.77,18.29,113.6,57.78,72.56,20.53,9.93,48.18,69.92,117.5,71.3,71.51,43.64,56.37,52.53,32.06,28.69,42.18,41.04,60.38,21.3,26.5,58.0,20.67,127.52,51.01,29.39,5.03,27.79,17.47,297.31,16.4,6.17,26.59,60.48,13.97,32.76,41.49,3.14,36.9,27.44,33.3,15.6,8.38,28.74,37.41,18.88,13.14,175.98,112.08,38.83,240.79,14.58,86.34,58.17,13.33,302.4,42.08,20.9,123.8,71.8,58.25,53.04,26.48,73.67,75.23,159.24,89.2,19.23,64.21,22.15,13.47,13.48,109.0,38.59,64.1,162.99,167.0,66.0,33.99,82.92,35.42,98.46,31.0,12.47,306.88,23.85,131.48,27.15,29.5,313.14,25.01,42.28,82.4,582.0,19.5,25.22,216.5,86.6,13.08,45.43,150.38,30.94,16.15,32.83,81.2,56.1,80.18,397.0,64.53,117.91,55.03,200.0,90.17,108.42,25.33,56.58,78.39,300.68,108.98,245.0,39.74,124.34,44.64,8.95,10.81,10.65,33.5,16.68,15.41,27.6,10.03,11.82,16.3,19.88,23.05,10.17,18.6,24.13,25.38,12.77,23.45,15.51,38.79,10.81,11.18,,28.08,22.16,18.82,44.6,138.47,30.0,10.89,,14.2,22.19,37.8,19.05,26.95,7.88,7.31,12.88,28.75,7.51,31.4,15.41,6.44,20.29,56.53,26.1,65.17
2021-11-16,37.23,16.84,14.83,21.28,46.55,22.32,15.76,25.1,36.55,28.38,31.3,5.24,70.16,18.05,21.26,43.82,34.52,,18.26,,26.42,11.65,33.7,10.41,28.97,40.77,74.75,42.52,29.04,31.5,81.52,25.34,41.86,20.69,26.3,76.81,21.2,27.01,8.21,12.12,10.13,54.2,31.98,24.74,28.21,23.63,83.0,54.42,16.89,27.26,66.69,32.5,18.41,55.6,38.99,12.15,27.63,27.64,24.55,30.53,24.57,51.44,42.13,77.5,72.3,28.52,33.19,62.62,67.0,29.3,9.74,153.09,30.06,22.79,43.07,30.37,33.42,29.4,36.3,45.4,30.11,35.83,11.66,43.05,12.7,56.5,40.43,44.04,43.07,53.18,38.95,41.09,26.9,22.91,20.58,85.26,33.12,22.64,53.28,37.04,93.2,23.1,154.69,35.24,24.47,222.15,27.81,49.93,24.43,22.6,19.72,25.15,44.66,68.11,45.88,24.46,14.29,142.07,27.37,40.78,15.83,149.46,17.64,94.55,56.08,20.35,94.28,39.28,77.66,75.2,79.58,46.37,32.8,61.67,33.82,36.95,42.64,122.08,34.15,24.87,26.58,46.69,27.71,34.92,17.34,47.31,70.55,34.77,67.15,53.15,21.3,64.1,25.03,22.72,41.12,19.53,21.73,64.16,43.21,31.43,27.75,26.39,28.8,29.61,41.57,30.59,43.45,39.77,76.61,46.48,18.68,67.08,17.39,15.0,95.8,32.77,190.82,12.81,61.87,51.9,32.37,27.5,19.7,11.17,48.11,29.19,45.41,31.33,30.33,62.23,372.95,13.53,34.58,257.0,136.66,30.93,30.33,25.45,11.39,19.97,12.29,20.86,22.26,76.78,16.94,44.37,56.05,27.22,54.02,28.0,58.52,35.37,312.1,27.39,28.6,40.66,36.21,60.6,17.35,32.2,208.01,24.09,29.02,19.66,35.7,90.52,91.77,26.89,,14.16,32.71,42.2,53.1,39.59,,,,53.39,68.8,,23.81,,42.2,71.0,37.33,,25.71,16.93,7.35,20.77,15.74,6.73,11.37,14.19,,44.82,20.31,6.84,9.11,10.63,5.42,9.4,4.21,6.98,2.14,8.88,6.38,8.65,47.5,25.01,31.63,11.48,,67.19,21.9,39.7,18.2,24.76,27.12,17.22,24.52,29.59,29.24,25.68,15.5,7.43,19.36,18.23,38.06,18.66,44.34,69.99,32.12,23.2,80.34,33.08,47.8,276.95,21.03,24.93,12.19,17.95,20.32,14.48,8.9,17.49,27.15,14.5,35.61,18.63,39.39,22.4,10.42,22.17,9.69,28.82,35.37,79.26,12.03,35.88,43.11,27.43,30.49,39.18,18.35,20.23,20.88,14.48,108.71,16.75,43.66,34.48,18.36,14.28,71.57,16.61,28.8,47.7,39.02,25.82,185.3,17.2,28.72,45.33,31.12,16.36,13.26,19.2,41.47,35.1,14.55,12.22,19.2,,27.0,169.99,230.29,26.58,33.69,46.69,,42.92,15.43,,323.57,92.74,49.81,41.3,47.2,72.9,95.0,62.67,52.91,68.1,36.45,26.47,304.99,229.54,46.67,29.0,32.94,37.64,69.33,94.04,78.92,19.5,13.51,65.4,,25.61,28.93,54.17,79.44,34.66,53.14,59.43,12.32,15.9,14.85,,63.38,41.85,61.4,18.66,112.03,53.37,74.96,20.82,9.66,47.48,69.38,117.82,69.01,74.8,44.73,54.53,51.65,33.12,28.42,42.1,39.56,57.76,20.93,25.45,54.81,20.4,120.08,51.0,29.01,4.98,26.79,17.05,284.17,16.1,6.12,25.3,58.72,13.62,30.9,39.04,3.2,35.75,26.99,33.38,15.33,8.29,27.88,37.35,18.24,12.86,173.0,110.85,38.06,233.0,14.57,86.36,58.41,13.13,308.54,41.25,20.46,126.75,69.39,56.0,53.93,25.72,72.9,69.77,156.56,89.15,18.92,62.66,21.91,13.21,13.41,111.85,39.01,62.7,157.21,162.9,68.2,33.1,83.15,36.18,98.7,32.25,12.42,285.41,23.13,128.48,25.5,28.39,306.51,24.3,43.19,83.3,561.11,18.85,24.49,211.01,86.45,12.67,44.0,149.8,29.61,15.08,31.9,72.14,53.95,80.91,390.0,64.07,115.0,52.33,197.0,86.89,106.45,24.68,55.27,78.03,296.0,110.5,241.9,39.96,119.27,42.74,8.76,9.99,9.97,31.11,16.6,14.21,24.38,9.99,10.38,15.17,17.5,26.0,9.89,17.55,24.57,21.97,11.82,20.44,14.82,33.03,9.01,10.13,,25.07,21.22,17.38,42.0,129.85,25.66,10.3,,13.54,19.99,39.6,17.42,25.7,6.94,7.26,11.73,25.97,6.77,26.07,14.23,6.07,18.22,53.8,25.1,64.19
2021-11-17,37.12,17.0,14.89,21.65,45.95,22.56,16.72,25.25,36.52,28.5,31.79,5.27,68.0,17.38,21.33,43.89,33.46,6.02,17.88,,26.2,11.28,34.0,10.63,29.55,43.23,71.99,46.77,28.51,31.9,82.6,25.67,43.08,20.84,26.34,75.08,21.96,27.48,8.18,12.08,10.18,53.52,31.67,25.7,29.01,23.65,84.08,54.86,17.04,28.91,67.36,32.7,18.59,55.1,39.76,12.37,27.31,27.78,25.5,32.81,25.41,50.63,42.1,78.21,72.32,29.34,33.5,63.07,67.82,28.5,9.79,156.47,30.5,22.77,43.9,31.13,33.08,30.01,36.9,52.48,29.69,36.52,11.79,43.33,13.44,57.25,41.29,45.01,44.14,54.13,40.41,41.85,26.72,23.23,20.02,91.75,33.54,22.75,56.66,37.89,93.3,23.29,152.48,35.6,24.95,217.0,27.83,50.54,24.95,22.62,20.1,25.83,47.97,69.52,43.2,25.33,14.2,150.13,29.09,42.34,16.4,149.95,18.67,90.32,56.05,20.65,93.62,40.7,78.0,72.61,80.0,47.0,33.1,61.3,32.6,38.6,43.0,126.22,35.52,25.48,27.6,47.5,28.41,36.19,17.67,47.85,71.27,35.75,68.0,53.72,21.57,62.0,25.32,23.35,41.62,19.55,22.05,62.78,51.85,30.84,28.91,27.75,30.8,30.65,42.37,31.98,44.04,41.81,80.51,46.88,18.61,68.38,17.57,14.95,97.26,32.67,180.0,13.37,62.77,52.93,32.85,26.41,20.0,11.22,51.39,30.56,46.8,33.17,31.31,64.4,378.99,13.72,34.54,262.32,130.0,30.78,31.38,25.01,11.42,20.38,12.69,21.11,22.39,75.52,17.0,48.85,56.47,27.17,54.08,28.5,59.62,39.07,316.48,32.87,29.35,41.65,37.4,61.98,17.32,32.99,211.7,24.95,32.25,19.66,36.68,91.48,92.12,26.89,,14.34,32.7,42.72,54.0,36.3,,,,51.3,82.56,,24.16,,42.9,69.6,37.65,,26.2,14.87,7.33,19.62,15.78,6.73,11.38,14.15,,45.18,20.25,6.84,9.17,10.66,5.41,9.43,4.21,6.98,2.14,8.9,6.44,8.65,47.5,27.51,31.3,12.63,,67.58,22.14,41.0,17.89,24.84,26.84,17.72,24.7,29.89,29.96,25.75,15.8,7.47,19.27,18.14,37.48,18.78,44.79,69.99,32.33,23.13,78.99,33.26,47.71,290.0,21.13,27.42,12.1,18.15,20.58,14.3,9.02,18.7,27.14,14.45,36.52,18.81,40.06,22.68,11.46,23.2,9.6,29.61,38.91,79.2,12.14,37.84,42.6,27.73,30.6,39.4,18.52,20.13,20.8,14.65,119.58,17.47,42.99,34.12,18.54,14.8,72.32,16.55,30.24,48.13,39.4,26.42,182.01,17.32,28.07,48.6,31.15,16.09,13.63,19.36,43.95,37.37,14.59,12.22,19.5,,26.81,172.99,235.01,26.91,34.92,47.43,,42.45,15.34,,316.0,91.8,50.85,42.4,48.06,76.58,96.98,69.76,55.42,67.92,35.95,28.02,297.7,228.0,48.88,28.7,34.3,38.76,69.16,105.64,78.45,24.65,13.85,71.58,,26.66,34.72,54.3,80.01,34.89,55.12,59.25,12.13,15.78,16.17,46.31,64.52,42.34,62.14,18.74,112.5,54.12,77.33,21.72,9.84,48.43,71.49,124.2,70.25,72.22,48.13,55.15,51.36,33.12,29.15,42.94,39.39,59.08,21.22,27.74,55.3,20.81,120.18,52.75,30.04,4.99,28.73,17.4,285.0,16.36,6.19,26.99,61.53,14.42,31.73,39.99,3.19,35.75,27.36,34.0,15.51,8.36,27.92,36.86,18.47,13.1,176.6,111.03,38.3,246.51,14.32,94.2,57.56,13.6,299.29,43.47,20.6,124.21,69.67,56.76,56.0,26.14,74.95,71.36,154.29,86.71,19.19,65.04,21.9,13.54,14.33,118.0,39.58,64.0,160.04,178.25,73.79,34.0,80.92,36.81,99.06,34.6,12.47,299.0,24.61,129.13,27.26,29.5,303.6,24.55,44.01,87.06,565.66,20.01,26.03,212.08,90.82,12.96,46.65,157.54,35.53,15.78,32.45,72.57,54.22,80.27,413.2,63.53,122.37,62.8,206.8,87.97,110.98,27.03,55.55,77.11,312.32,109.8,239.0,39.89,121.7,44.44,8.99,10.04,9.95,31.16,16.0,14.41,23.0,10.16,10.24,15.36,16.28,21.48,9.9,17.83,24.0,21.85,11.98,16.89,14.95,34.8,8.19,10.0,11.15,24.38,21.24,16.75,42.89,130.91,24.75,10.32,,13.18,19.71,34.3,17.29,25.96,7.06,7.82,11.48,23.92,7.18,23.47,14.07,6.45,18.62,54.6,24.32,62.99
2021-11-18,36.98,16.98,15.08,21.43,45.41,22.79,16.7,25.06,36.15,27.91,31.21,5.21,66.32,16.88,22.36,42.3,33.02,6.62,17.05,,25.54,11.12,33.39,10.52,29.32,46.13,69.99,44.75,27.55,31.52,82.23,25.21,42.52,20.5,25.4,78.1,21.37,27.96,8.2,11.81,10.18,51.85,31.13,25.0,28.01,23.16,82.99,55.7,20.45,27.98,63.0,33.5,18.17,52.62,40.65,12.06,26.78,26.91,25.23,31.93,25.03,49.95,42.14,80.11,68.45,27.78,32.41,60.0,64.74,27.43,9.71,158.87,29.99,21.69,44.55,30.7,31.7,27.15,38.9,48.61,30.28,38.88,11.86,40.99,13.09,55.6,40.67,43.76,43.16,53.14,38.67,40.6,26.66,22.83,21.13,91.22,32.48,22.25,52.06,38.08,90.85,22.87,152.95,34.15,23.99,210.0,28.08,48.71,25.89,22.01,19.95,26.0,45.44,70.85,41.59,26.25,13.72,131.0,28.18,42.19,15.86,144.3,17.94,86.63,54.61,22.67,91.37,39.53,75.65,71.24,78.86,46.95,33.67,61.86,37.0,37.4,42.34,124.98,34.2,25.43,28.18,48.54,27.93,34.31,17.0,45.62,69.38,34.33,70.41,52.74,21.0,58.99,26.74,23.63,40.85,19.13,22.19,58.75,52.43,28.9,27.92,27.23,29.87,30.75,41.76,32.19,44.08,40.63,78.1,45.6,17.52,69.94,17.19,14.25,95.61,33.13,184.0,13.41,61.29,52.14,32.74,25.56,19.87,11.17,50.55,30.06,46.08,32.55,30.47,61.17,365.33,14.6,33.64,267.8,129.65,29.7,30.82,25.08,11.31,20.31,12.29,22.74,21.68,73.76,16.85,49.85,53.1,25.86,51.91,28.8,57.69,37.9,310.2,39.44,28.58,39.77,37.1,60.7,16.45,33.63,208.4,25.85,31.87,20.29,35.86,87.96,89.65,26.45,,14.47,31.7,44.2,52.29,33.3,,59.0,,47.15,82.5,,22.55,,40.97,70.07,36.63,,26.45,13.76,6.74,19.22,16.3,6.9,11.19,14.1,,44.37,19.96,6.77,8.44,10.48,5.39,9.32,4.18,6.95,2.14,8.74,6.41,8.6,47.0,30.26,30.61,13.89,,64.3,22.17,40.36,17.31,24.6,25.77,17.54,25.15,30.25,30.66,26.43,15.52,7.45,19.11,17.62,36.02,18.82,43.7,70.94,31.83,22.77,77.0,32.98,49.22,277.0,21.23,28.44,11.59,18.28,20.36,13.91,8.9,18.08,26.52,14.17,37.27,18.66,39.5,22.35,11.58,22.66,9.15,28.81,38.27,77.63,11.81,35.22,42.22,27.12,28.7,39.9,18.27,19.59,20.85,14.32,112.79,17.1,42.02,33.6,18.56,14.65,76.5,16.65,30.32,47.55,38.56,26.11,178.11,17.04,27.73,47.46,30.32,15.61,13.08,18.66,42.38,37.94,15.05,12.05,18.71,,26.25,172.49,231.39,26.4,35.27,47.74,88.8,41.07,14.98,129.75,315.99,90.01,50.86,42.2,46.88,76.66,93.0,82.34,53.2,68.01,34.92,28.23,292.1,218.01,46.81,27.9,32.54,37.6,67.47,93.6,78.26,25.5,13.72,72.7,,25.42,32.08,52.67,80.0,35.14,54.13,60.01,12.11,15.52,16.06,48.63,67.22,41.33,58.8,18.04,115.85,55.38,76.0,20.38,9.58,48.43,70.08,121.38,70.05,70.4,50.0,53.78,50.2,32.31,29.1,41.9,38.26,66.58,21.37,27.26,56.45,20.72,117.77,50.06,29.85,4.95,29.07,17.02,287.92,16.17,6.08,29.13,60.1,14.09,31.55,37.7,3.14,34.46,26.99,35.67,15.38,8.29,27.54,35.0,17.72,12.8,175.4,110.0,37.18,249.21,13.89,92.3,55.94,13.29,288.5,42.88,20.4,118.6,66.53,57.6,56.35,25.62,71.42,67.7,166.06,92.26,18.84,65.5,22.12,13.13,14.23,109.04,38.15,59.8,160.19,167.01,69.94,35.59,79.93,35.79,97.64,32.88,12.4,312.7,24.15,128.87,25.8,30.47,303.5,24.34,42.83,87.0,570.99,19.1,25.5,206.6,86.75,12.69,48.92,152.59,36.65,15.73,31.75,71.09,53.84,78.09,413.25,61.0,117.81,62.78,211.73,87.9,111.45,26.67,56.88,74.02,306.0,105.28,231.0,39.07,120.3,45.66,8.85,9.67,9.34,29.9,15.44,13.94,22.15,9.92,9.9,15.12,15.22,19.27,9.68,17.67,23.38,21.49,11.79,16.83,15.63,32.47,7.53,9.93,11.04,24.12,20.54,16.75,43.36,125.0,22.78,9.98,,13.3,19.13,31.8,16.55,25.31,6.66,7.5,10.95,23.18,6.94,23.96,13.9,6.23,17.93,50.18,23.32,62.57
2021-11-19,36.75,17.2,15.09,21.6,45.64,23.24,16.34,25.16,36.18,28.29,31.9,5.24,64.4,16.73,22.2,42.73,32.51,6.65,16.99,,26.45,11.01,34.14,10.62,29.28,45.0,70.0,45.46,29.13,32.16,81.42,25.23,42.54,20.75,25.67,81.76,21.19,27.75,8.18,12.12,10.26,57.04,31.22,25.12,28.21,23.53,81.93,53.92,19.68,27.67,64.13,32.54,18.87,52.8,39.22,12.33,27.8,27.4,25.39,31.97,25.7,49.3,41.73,80.34,68.21,28.93,31.78,59.94,65.47,29.86,9.87,182.02,30.19,22.02,43.49,31.0,31.72,27.01,39.86,50.7,29.41,37.99,11.77,40.9,12.85,58.07,42.07,43.8,43.72,54.38,38.95,41.55,26.48,27.4,20.7,89.95,33.52,22.44,51.48,39.31,91.5,23.16,155.24,34.36,24.55,209.39,27.91,49.25,25.58,22.72,20.13,26.07,45.54,70.33,42.28,25.87,13.84,131.29,28.19,42.1,15.62,144.99,17.99,88.74,55.55,23.44,95.0,40.73,76.03,70.38,79.27,46.56,40.4,61.52,35.45,40.12,42.93,133.99,35.06,25.64,27.92,53.48,28.62,35.77,17.02,44.42,70.03,34.09,68.67,53.88,21.58,60.5,26.6,25.48,42.23,19.33,22.4,60.16,51.59,28.85,27.5,27.4,29.53,32.82,43.11,35.38,44.52,48.76,81.03,46.55,17.94,72.85,18.26,15.2,100.0,34.0,184.51,13.48,63.89,53.96,33.13,25.91,20.19,11.32,52.12,30.08,47.53,32.68,32.07,62.71,369.0,14.69,34.11,288.0,129.94,30.16,31.91,25.08,11.57,20.95,12.41,22.49,21.76,75.4,17.67,49.03,53.64,27.5,52.45,29.1,66.5,37.8,306.8,47.33,30.29,38.79,37.78,60.82,16.54,40.36,205.97,24.19,31.7,19.4,35.4,88.35,93.07,26.77,,14.26,31.74,42.0,52.31,32.09,,57.0,,48.59,80.76,,22.4,,41.13,69.7,36.63,31.58,26.94,15.42,6.97,19.1,16.77,6.86,11.62,14.11,,46.71,20.57,6.8,8.68,10.83,5.46,9.35,4.19,7.0,2.14,8.79,6.44,8.65,48.22,33.29,30.86,15.28,,65.37,22.3,40.03,17.3,24.72,26.45,17.5,24.59,29.92,30.76,26.22,15.73,7.47,19.07,17.8,36.23,18.78,43.87,69.5,32.04,23.15,75.54,35.2,48.06,278.02,21.29,27.84,11.69,18.65,20.6,14.04,9.28,18.9,26.49,14.22,36.97,18.9,38.61,22.52,11.39,22.5,9.32,29.78,37.2,77.98,12.15,35.45,43.0,27.41,30.1,39.98,18.58,20.17,20.49,14.78,109.5,16.78,41.22,33.66,18.62,14.73,77.77,17.01,30.05,48.63,38.88,26.86,177.3,17.2,27.96,45.92,30.38,15.5,12.92,18.52,42.44,39.02,15.37,12.03,19.05,,26.56,171.82,238.2,27.04,36.69,47.75,82.82,41.6,15.28,125.27,328.21,90.51,51.47,41.7,45.4,76.87,100.25,83.55,55.2,68.11,35.26,29.21,294.38,220.0,47.75,28.95,36.41,37.86,67.94,91.98,79.12,26.32,13.77,72.35,,27.35,33.92,54.68,78.7,37.08,55.65,59.71,12.75,15.72,16.23,47.39,66.06,41.98,60.5,18.83,122.48,55.3,76.01,20.6,9.71,48.49,69.99,124.46,70.59,74.14,49.28,56.63,50.76,32.61,31.1,42.5,40.04,68.91,21.79,27.58,56.48,21.3,124.59,49.51,30.24,4.95,29.42,17.02,283.1,16.39,6.14,29.15,60.03,14.5,32.62,38.15,3.13,34.78,27.53,36.68,15.7,8.42,27.5,35.61,18.28,13.54,184.26,111.86,38.45,252.33,14.27,94.14,56.4,13.54,285.73,43.61,20.69,119.02,68.8,57.81,55.79,26.36,74.29,73.06,163.9,90.53,19.55,65.67,21.97,13.4,14.59,111.45,40.74,62.5,173.18,168.19,71.53,35.38,80.11,34.5,100.12,33.41,12.51,352.0,23.1,127.63,26.73,30.62,304.57,24.91,48.1,87.56,565.0,19.32,25.11,210.2,90.12,13.05,51.49,153.2,35.5,16.19,32.05,72.45,55.41,78.41,437.0,62.96,112.44,58.77,205.1,91.06,114.67,26.8,56.01,88.82,293.0,104.69,228.0,40.63,121.2,47.74,8.95,9.41,9.16,30.39,15.72,13.7,21.06,9.89,9.87,15.26,14.4,18.9,9.47,17.7,23.04,21.05,11.79,16.22,15.69,30.2,7.26,9.94,11.0,23.16,20.24,16.83,46.17,130.68,20.8,10.04,,14.28,18.63,30.6,17.7,25.15,6.53,7.33,11.31,22.79,6.94,22.9,13.83,6.2,17.09,46.06,23.14,60.87
2021-11-22,36.9,16.97,15.21,21.57,45.26,24.17,16.38,25.16,36.14,28.51,33.0,5.24,64.68,16.97,22.98,42.85,32.63,6.22,17.16,,26.96,10.85,34.21,10.6,30.21,44.63,69.94,47.53,29.9,31.9,84.85,25.41,43.4,20.79,25.55,81.78,21.37,27.92,8.17,12.22,10.28,62.74,31.38,25.65,28.21,23.59,84.39,53.17,19.91,28.98,64.11,33.15,18.6,53.53,39.3,12.24,28.42,28.76,25.28,32.1,25.43,49.73,42.91,77.72,69.95,29.07,31.91,60.26,69.14,28.7,9.85,192.28,30.35,21.97,43.98,30.98,31.9,27.42,39.65,53.15,29.11,37.96,11.75,41.15,12.75,57.23,43.01,44.16,43.89,56.47,40.7,41.54,26.61,32.88,21.04,90.14,33.29,22.42,53.76,38.85,93.78,23.28,159.56,34.18,24.96,210.9,27.86,50.04,25.57,23.0,20.38,27.0,46.71,70.38,42.39,26.26,14.08,135.0,28.66,41.76,16.41,144.0,17.91,88.88,58.61,23.91,91.92,40.97,75.25,77.3,79.39,46.62,41.6,60.6,35.1,42.8,43.23,135.7,35.92,25.65,28.28,56.25,29.83,35.61,16.99,45.73,72.02,34.21,70.4,53.96,21.48,64.28,25.8,26.29,41.95,19.73,23.08,61.33,52.03,28.93,27.4,27.56,29.56,32.93,43.17,35.55,46.62,58.51,81.05,46.71,17.97,72.21,18.41,14.94,100.73,40.8,192.8,13.34,66.01,54.94,33.27,25.96,20.16,11.43,51.2,30.85,47.76,32.76,32.94,63.52,362.5,14.53,35.2,287.3,127.0,30.34,32.18,24.78,11.5,20.71,12.47,21.9,22.1,75.62,18.15,48.78,55.1,28.51,53.16,29.88,66.99,37.61,327.01,46.58,30.18,39.0,37.66,61.54,16.9,39.0,210.45,27.03,32.3,20.71,35.85,90.02,87.78,27.01,87.58,14.9,31.89,43.32,52.14,32.08,61.55,55.32,52.42,48.72,82.0,,23.76,,41.24,69.68,36.7,30.96,27.29,15.5,7.05,19.78,16.69,6.81,11.87,14.07,,49.65,20.4,6.8,8.75,10.9,5.43,9.37,4.4,6.99,2.12,8.78,6.42,8.64,48.53,32.21,30.72,16.81,13.77,67.87,22.19,43.21,17.49,24.73,27.43,17.6,24.53,29.69,32.05,26.16,15.86,7.47,18.76,17.82,35.92,18.78,44.45,68.21,31.99,23.13,77.13,34.7,47.72,305.82,21.21,30.52,11.75,18.52,20.53,14.33,9.6,19.58,26.61,14.24,38.42,19.21,38.36,22.58,11.37,23.72,9.35,31.56,37.81,76.38,11.96,35.76,41.4,27.29,29.91,39.95,18.68,20.14,20.63,14.64,111.18,16.77,41.95,33.81,18.91,14.76,80.55,16.87,31.43,48.5,38.84,26.82,180.7,17.48,27.83,45.95,30.56,15.65,12.97,18.51,44.14,40.03,14.97,12.03,19.28,,26.59,175.67,254.54,27.02,37.64,51.75,83.01,41.82,16.3,137.9,332.51,88.62,51.8,41.3,47.0,79.9,98.54,81.9,55.58,68.47,35.28,29.99,292.71,229.02,50.3,28.53,38.25,39.19,68.17,98.47,83.0,27.37,13.69,86.82,,27.36,37.74,57.16,80.12,37.02,58.27,60.09,12.9,16.94,16.25,45.75,69.0,42.01,61.08,19.4,120.18,56.1,71.0,21.63,10.28,47.58,70.12,125.25,71.39,73.25,49.36,56.35,50.7,31.98,30.78,46.2,42.0,75.62,21.87,28.56,56.66,21.33,131.72,52.9,33.21,5.14,29.78,17.21,330.96,16.34,6.12,30.57,61.38,14.51,32.88,39.86,3.15,34.84,27.51,36.57,16.15,8.44,28.14,35.58,18.19,13.81,192.83,113.17,38.34,258.51,14.39,93.65,57.64,13.58,295.75,45.25,20.88,117.77,70.36,57.81,54.6,26.47,75.3,73.76,162.05,93.61,19.89,64.66,21.91,13.41,14.49,124.0,40.72,64.19,180.69,184.26,73.4,35.4,79.47,34.74,103.91,32.39,12.48,345.01,23.17,132.64,27.44,30.88,299.99,25.09,57.72,89.41,584.04,19.34,26.1,237.56,92.86,13.01,54.5,169.23,35.9,15.97,33.03,75.75,55.7,78.35,440.03,65.06,116.32,59.41,218.0,89.3,121.28,27.63,56.0,95.0,302.5,105.0,237.28,39.46,126.43,48.01,9.07,9.46,9.23,30.97,15.4,13.92,21.2,9.83,9.85,15.56,14.62,19.01,9.42,17.87,23.36,21.59,11.85,16.52,15.78,30.98,7.33,9.93,10.91,24.89,20.2,16.6,59.19,140.0,20.84,10.0,,14.18,18.87,32.1,18.9,25.0,6.55,7.35,11.58,22.99,7.0,24.75,13.98,6.18,17.22,47.96,23.64,62.1
2021-11-23,36.92,16.81,16.25,21.67,45.56,23.91,15.97,25.34,35.75,28.53,32.85,5.28,64.4,17.75,21.82,43.07,31.76,5.96,16.87,,26.79,10.83,34.43,10.62,29.37,44.22,76.93,46.28,28.95,32.54,86.09,25.77,43.49,20.65,25.14,85.9,21.55,27.97,8.12,12.29,10.29,62.77,31.57,26.42,27.85,23.67,83.6,53.61,20.38,28.74,63.7,32.89,19.37,52.15,40.58,12.32,28.28,29.03,26.14,32.52,30.52,50.36,43.54,77.31,69.48,30.01,32.64,62.42,75.96,28.82,9.85,198.96,30.88,22.21,46.57,31.55,35.88,32.9,38.9,55.99,29.26,38.97,11.9,39.58,12.74,57.42,43.01,45.8,44.05,60.65,41.16,43.71,27.1,35.02,22.22,88.98,33.28,22.53,55.71,38.74,97.9,23.47,154.5,34.48,25.6,204.38,28.02,50.78,25.93,22.99,20.32,27.17,48.03,71.14,42.55,26.28,13.88,140.92,28.43,42.16,16.19,138.7,18.6,90.52,57.94,24.85,91.28,41.02,76.81,74.55,79.48,46.38,40.46,59.85,34.4,42.06,43.31,129.28,36.99,26.28,28.63,53.63,30.47,36.04,16.75,48.94,76.0,33.71,67.9,55.01,21.8,63.1,26.08,27.7,42.49,19.92,23.15,64.91,58.0,29.81,28.33,27.97,29.07,32.61,44.02,37.5,46.51,70.0,83.52,47.35,18.31,70.72,18.22,14.93,96.3,39.7,185.5,13.34,65.75,55.11,33.24,25.9,20.37,11.44,51.33,30.48,47.88,32.85,33.01,61.51,366.68,14.47,34.81,278.62,125.4,31.08,33.62,24.72,11.43,20.84,12.5,22.13,24.05,76.82,17.9,49.36,55.75,31.05,55.61,30.77,68.99,37.71,353.0,47.49,30.79,39.96,38.9,62.7,17.38,39.2,208.3,27.09,32.62,20.65,35.4,92.58,86.97,26.82,88.48,15.23,32.15,42.96,52.89,32.95,82.88,57.9,57.22,54.95,78.65,,24.22,,42.03,73.49,36.25,30.32,28.06,15.45,7.41,21.24,16.12,6.7,11.83,14.14,,48.98,20.4,6.87,8.77,11.0,5.49,9.49,4.3,7.03,2.12,9.05,6.45,8.66,48.6,30.52,31.18,18.49,15.15,67.99,22.23,47.53,17.4,23.62,26.58,17.88,24.08,29.39,31.6,25.67,15.82,7.48,18.71,17.57,37.64,18.73,44.0,68.71,32.2,23.44,77.1,36.42,48.49,316.99,21.22,28.93,11.52,18.74,20.68,14.08,9.46,19.55,26.79,14.23,38.2,19.03,39.5,23.27,11.67,24.26,9.45,30.9,36.38,77.24,11.8,36.83,40.0,27.5,30.0,40.11,18.7,20.05,20.1,14.62,109.06,17.12,41.44,32.41,18.79,14.52,78.1,17.39,31.02,49.02,38.84,27.18,181.24,17.53,27.62,44.53,30.34,15.41,12.72,18.3,44.22,39.79,14.82,12.05,19.66,,26.92,172.98,244.88,27.31,37.99,48.22,107.98,43.71,16.11,134.89,337.21,88.84,54.44,42.24,45.76,79.12,97.81,98.28,55.06,67.9,37.32,29.99,299.6,222.26,50.98,28.35,40.0,39.16,68.75,97.4,81.65,30.18,13.76,88.0,,27.64,42.02,56.88,78.69,39.36,58.14,72.11,12.7,18.21,17.0,46.67,66.58,41.64,61.17,19.5,118.42,54.01,74.04,21.5,10.07,47.24,68.55,122.0,72.59,72.97,48.28,57.05,52.02,32.2,31.21,46.2,43.93,70.69,22.28,28.95,54.0,20.98,132.81,54.4,35.17,5.14,30.32,18.1,313.53,16.57,6.05,30.0,63.35,14.99,35.3,47.83,3.14,35.06,27.57,36.46,16.15,8.45,29.13,35.44,18.08,14.28,192.18,114.69,38.83,260.97,14.97,94.32,60.0,14.1,283.63,45.33,21.76,118.02,71.61,57.65,54.48,26.9,74.47,74.68,159.99,93.13,20.4,64.39,21.83,13.86,13.99,125.44,40.66,60.5,182.0,190.0,68.3,35.95,79.47,35.81,101.43,32.01,12.56,323.35,23.0,136.18,27.0,30.3,322.07,25.21,54.2,90.0,592.88,19.46,31.32,237.99,86.38,13.19,53.11,168.5,35.11,16.58,33.2,76.62,55.85,78.85,436.0,66.79,120.13,60.08,215.01,92.53,122.95,27.52,53.24,96.91,296.76,106.85,238.98,39.65,120.16,47.64,9.22,9.71,9.28,31.33,15.83,14.31,22.15,9.81,10.01,15.71,15.1,19.88,9.56,18.19,23.81,23.41,11.99,17.55,16.51,34.5,7.64,10.22,10.96,25.62,20.6,17.1,61.19,143.6,21.4,10.0,,14.52,18.82,33.69,20.83,25.4,6.79,7.39,11.81,23.91,7.15,27.53,14.34,6.25,18.25,50.94,24.22,61.75
2021-11-24,36.8,17.31,16.05,21.83,47.5,24.0,16.06,26.31,35.94,29.32,32.86,5.29,64.46,17.62,21.74,44.49,32.08,6.04,17.46,,26.41,11.4,34.78,10.8,32.31,44.27,72.8,43.7,28.48,31.67,84.77,25.56,43.54,20.86,25.31,83.26,21.81,28.29,8.17,12.44,11.32,63.6,31.79,25.78,27.83,25.3,84.0,55.74,19.84,28.5,64.7,34.08,19.29,52.9,42.97,13.17,33.94,30.15,26.1,32.72,36.62,50.94,43.89,77.76,71.26,31.5,33.09,63.55,76.02,30.71,10.12,209.68,31.76,22.52,46.24,31.95,34.45,33.22,38.63,67.0,30.08,38.63,12.11,40.04,13.06,57.97,43.24,47.38,45.7,59.03,42.91,43.92,27.56,36.0,26.66,87.4,34.03,22.92,59.49,39.88,102.46,23.95,154.3,35.6,25.04,206.02,28.69,51.59,26.31,23.3,20.63,28.15,48.6,75.09,44.32,26.7,14.32,136.0,29.38,41.85,16.22,136.5,22.32,92.16,58.37,24.17,95.4,41.55,77.99,75.6,81.12,47.65,40.17,60.29,41.28,43.5,43.68,132.51,37.7,26.49,28.61,56.76,31.99,36.0,17.63,46.13,75.65,35.74,67.56,55.18,23.33,64.4,26.73,27.02,43.4,20.83,23.35,67.0,59.8,31.2,28.99,28.3,34.88,31.53,44.88,36.52,46.98,69.8,88.48,48.47,19.35,72.61,18.52,15.82,97.34,39.8,177.94,14.03,69.13,56.24,34.6,26.47,20.73,11.52,49.26,30.66,49.39,33.2,32.91,61.6,385.18,15.16,35.66,279.19,125.9,32.25,32.98,27.18,11.83,21.7,13.0,25.2,28.86,75.69,19.14,47.71,61.57,29.72,55.25,30.35,67.6,38.65,340.0,56.99,31.47,41.99,39.03,62.94,19.48,40.23,218.61,26.51,32.04,20.39,36.44,92.83,88.49,28.14,91.99,15.07,32.43,46.26,55.32,32.58,83.66,61.82,56.02,55.98,79.22,,23.99,167.0,42.71,70.96,35.41,30.38,26.89,15.76,7.24,20.65,16.62,6.6,11.95,14.14,,48.2,20.43,6.92,8.61,11.2,5.57,9.45,4.29,7.05,2.11,9.09,6.54,8.7,49.8,33.57,31.65,20.34,16.67,66.92,24.45,52.28,17.42,24.1,27.14,17.95,24.63,30.39,31.48,26.85,16.14,8.23,19.01,17.65,37.43,19.06,43.53,75.58,32.83,23.63,76.2,37.88,48.0,285.29,21.4,30.2,12.67,18.59,20.9,14.7,9.36,19.28,27.19,14.52,38.27,19.6,43.45,23.4,11.44,24.28,9.52,33.99,37.7,77.3,12.02,35.22,39.83,27.95,31.23,39.92,18.72,19.8,21.15,14.64,109.5,16.85,41.83,32.35,18.99,14.63,78.12,17.26,30.89,48.87,39.18,27.55,192.85,17.55,27.95,44.54,31.71,15.65,13.49,18.62,44.16,42.86,14.94,12.37,20.1,,26.66,180.56,235.99,27.74,37.08,57.86,110.5,49.58,16.0,131.64,333.61,96.55,54.24,43.99,47.73,77.12,103.88,95.11,56.8,68.62,38.79,29.84,316.59,224.3,49.86,28.4,38.71,39.17,71.18,95.28,85.83,30.47,13.75,85.8,,26.38,40.2,56.51,78.05,39.5,57.94,75.15,12.54,18.87,16.93,45.88,64.98,42.5,60.21,19.92,118.82,58.18,73.47,21.19,10.14,47.16,66.88,122.5,72.55,76.93,51.53,57.84,51.35,32.68,30.94,47.7,44.86,70.17,22.26,28.74,52.7,21.1,134.8,53.97,34.18,5.13,30.97,18.11,302.69,16.77,6.1,29.65,62.8,14.88,35.7,52.0,3.15,34.93,27.86,36.85,16.31,8.47,29.46,35.79,20.04,14.18,194.97,115.18,41.2,259.9,14.84,94.08,61.81,13.94,305.77,48.0,22.07,124.23,70.2,58.59,60.08,27.06,77.5,74.15,156.24,96.51,20.54,64.75,22.2,13.68,14.44,123.9,48.79,61.05,188.0,183.18,66.52,36.29,81.45,32.5,102.55,32.03,12.58,307.99,23.99,135.77,27.89,30.7,327.98,25.49,53.11,92.3,586.55,19.93,29.9,226.88,87.33,13.55,52.59,164.2,35.25,16.03,33.12,80.1,55.68,78.89,435.44,66.0,117.98,58.16,211.58,90.05,128.16,27.05,58.2,95.29,297.5,104.0,231.75,40.24,122.22,48.17,9.16,9.66,9.02,30.48,15.29,13.88,21.55,9.43,9.73,15.4,14.52,18.97,9.37,18.19,23.14,23.82,11.74,16.81,16.17,35.69,7.36,9.92,10.75,24.86,20.27,16.59,64.57,144.44,20.51,9.94,31.16,14.09,18.56,32.32,20.48,24.7,6.67,7.18,11.33,23.2,6.99,26.55,14.06,6.15,18.0,49.66,23.76,61.54
2021-11-25,37.04,17.3,15.83,21.88,47.36,23.56,16.31,25.89,35.99,29.62,33.55,5.24,64.05,16.75,21.87,44.04,31.71,5.89,17.33,,26.25,11.08,34.83,10.87,35.54,45.35,76.2,43.37,28.58,31.74,87.93,26.1,43.95,20.84,25.71,83.3,23.99,28.34,8.17,12.43,11.16,61.15,32.3,24.94,27.81,25.01,83.12,57.79,20.94,28.0,64.73,33.9,19.39,52.98,38.35,13.91,32.23,29.77,26.5,33.36,42.8,50.85,44.2,78.13,73.56,32.93,32.09,61.8,74.63,29.76,10.1,202.0,35.25,23.5,48.4,31.88,34.66,30.81,40.27,59.31,30.92,38.0,12.3,41.3,15.67,59.45,43.63,47.39,46.91,60.21,41.6,42.98,29.07,35.77,24.2,89.0,35.36,23.15,55.9,39.8,100.15,24.64,151.88,35.76,26.25,204.04,29.08,51.1,26.89,23.75,20.92,27.99,47.31,77.54,44.07,25.66,13.89,131.06,30.13,41.5,16.14,137.81,20.91,88.49,57.7,21.62,94.5,41.32,78.52,75.66,80.93,48.31,38.8,59.2,36.6,40.69,43.69,126.56,36.88,26.68,29.45,57.28,31.12,36.05,17.8,40.73,72.71,35.19,66.94,55.8,22.57,60.8,26.92,25.31,43.02,20.9,23.8,61.78,71.76,29.99,29.27,28.31,32.0,31.15,45.3,34.08,46.16,69.8,84.48,48.24,19.09,70.32,18.25,15.91,98.0,41.15,181.17,13.77,68.67,54.6,35.0,27.51,20.72,11.34,50.55,32.0,48.98,33.86,33.15,59.92,388.88,14.83,35.8,278.63,123.4,31.45,33.22,27.25,11.9,22.77,12.77,26.05,34.63,75.45,20.74,48.08,62.37,30.3,55.78,30.88,69.98,41.55,334.53,51.5,32.2,43.76,41.3,66.24,18.8,42.42,226.93,27.24,32.89,19.79,34.9,92.46,89.57,27.54,84.1,14.42,32.4,45.19,54.21,33.57,88.29,59.25,53.82,57.8,83.01,,27.76,160.82,43.34,72.9,36.8,29.76,28.53,15.04,7.27,20.15,16.42,6.65,11.79,14.17,,47.37,20.32,6.87,8.32,11.25,5.53,9.47,4.28,7.01,2.17,9.18,6.51,8.73,49.05,32.05,32.01,22.37,18.34,66.3,24.6,51.3,17.92,23.93,25.97,17.79,24.3,30.07,34.63,26.37,16.1,8.68,18.72,17.31,37.06,18.9,43.36,79.97,33.24,24.01,79.37,35.92,49.75,266.8,21.58,28.8,12.44,18.48,21.72,14.31,9.28,18.75,26.65,14.85,38.48,19.0,45.15,23.43,11.79,23.84,9.35,32.8,36.54,77.46,12.06,35.4,38.31,27.92,29.52,40.14,18.86,19.7,20.86,14.63,105.52,16.41,41.36,32.3,18.93,14.57,78.58,17.06,30.94,49.89,39.37,27.43,188.29,17.61,28.25,48.99,31.22,15.78,13.08,18.18,44.1,40.59,14.8,12.32,19.87,,26.73,180.55,231.2,28.08,37.12,54.2,106.43,50.88,15.79,131.62,346.48,99.17,53.3,42.98,47.67,75.5,105.0,92.77,56.48,67.41,38.57,29.4,310.07,240.89,49.86,28.8,39.26,39.85,71.44,104.8,87.17,29.8,13.63,84.5,,26.61,40.0,57.39,81.05,38.66,57.95,77.71,12.81,19.35,17.2,46.15,64.1,43.2,58.95,19.41,121.16,63.92,76.8,20.81,10.47,47.2,64.58,125.35,73.24,79.5,51.8,57.89,51.7,32.82,30.14,46.82,45.19,78.65,22.78,28.76,60.11,21.36,135.35,54.4,33.49,5.11,30.67,18.8,303.01,16.76,6.32,29.1,62.21,15.5,36.48,46.65,3.16,35.86,27.95,35.63,16.31,8.46,32.0,35.25,19.2,15.4,188.91,118.58,42.78,269.73,14.42,101.0,61.86,14.24,307.0,46.45,21.88,124.0,69.35,57.66,60.7,27.28,78.08,72.75,153.0,97.49,20.27,64.84,22.29,13.73,14.45,121.46,44.99,58.75,179.5,183.9,66.19,36.07,82.09,32.5,103.9,30.66,12.6,301.14,24.88,133.96,27.45,30.01,321.08,25.45,54.31,92.87,579.05,19.58,27.19,241.55,83.7,13.49,53.38,163.02,35.1,16.4,34.98,80.3,55.03,79.9,435.0,73.4,118.77,56.7,206.45,89.76,126.3,27.2,56.81,91.05,306.26,104.01,231.4,41.29,122.8,46.79,9.12,9.45,8.83,29.96,15.06,13.53,20.95,9.43,9.4,15.17,14.32,18.83,8.99,18.0,23.3,24.13,11.45,16.14,15.72,36.2,7.24,10.23,10.57,24.17,20.04,16.0,70.5,151.69,19.95,9.84,29.0,13.67,18.38,32.14,19.96,24.44,6.43,7.06,10.99,22.85,6.71,25.86,14.0,6.04,17.93,52.08,23.79,62.13
2021-11-26,36.83,17.26,15.71,21.45,46.38,24.35,16.06,25.87,35.6,29.3,32.58,5.22,63.82,18.43,22.96,43.47,31.6,5.77,17.19,,25.92,10.92,38.31,10.79,36.81,44.79,75.0,42.0,28.19,30.99,84.7,26.1,43.77,21.3,24.24,83.37,22.73,28.19,8.11,12.25,10.91,64.0,32.42,27.43,27.85,24.98,91.43,60.35,23.36,28.71,63.61,34.03,19.1,52.52,37.8,13.33,32.3,29.42,26.1,32.61,40.1,51.42,43.89,80.08,78.75,31.37,33.93,61.33,71.61,29.62,9.78,200.16,40.03,22.88,48.22,31.32,33.01,29.55,39.38,57.45,30.3,38.61,11.97,40.08,15.06,58.0,42.8,49.15,51.0,57.52,40.53,50.7,28.87,33.4,27.88,89.82,35.34,23.0,53.78,39.45,97.28,24.1,154.11,34.01,25.19,202.68,28.99,50.4,26.08,23.79,20.64,29.2,47.85,74.07,44.71,24.58,14.0,129.92,28.89,41.45,15.55,135.51,21.38,88.62,56.77,21.39,92.57,48.55,77.86,71.45,80.4,46.25,39.5,58.19,34.75,40.88,43.68,123.33,38.98,26.3,29.19,54.88,31.99,36.62,17.96,40.57,70.87,36.25,67.73,56.84,23.3,59.21,27.32,23.84,42.51,21.17,22.7,59.63,75.0,29.02,28.86,28.45,30.92,30.72,44.4,34.16,45.99,71.95,84.52,48.14,19.98,69.93,18.06,15.92,96.3,39.9,175.5,13.51,68.67,54.8,34.97,26.76,20.67,11.2,51.46,38.4,49.16,32.87,32.11,59.45,398.01,14.45,36.62,277.98,121.4,31.0,32.38,26.68,11.7,22.59,12.25,24.15,30.0,75.23,19.2,50.06,65.21,29.65,54.21,30.87,67.58,42.04,337.4,49.5,30.7,41.67,40.28,65.16,19.57,40.11,237.8,26.8,30.2,19.38,34.3,91.62,88.8,27.06,84.5,14.62,31.62,44.9,53.81,32.3,82.9,62.1,56.5,55.4,88.0,56.93,25.67,167.69,44.38,70.09,35.5,29.5,27.09,15.2,6.9,19.5,16.05,6.5,12.03,14.27,5.67,47.38,20.09,6.83,8.42,11.12,5.51,9.38,4.28,6.99,2.13,9.03,6.38,8.7,48.61,31.41,32.92,20.13,20.17,65.82,23.86,50.3,18.03,25.14,25.99,17.65,23.54,29.9,35.85,25.9,15.84,8.3,18.22,17.14,38.19,19.25,42.85,76.8,32.92,24.17,77.4,35.65,51.0,272.18,21.24,28.88,12.02,18.38,21.46,14.18,9.18,18.95,25.99,14.6,37.82,20.9,43.15,23.3,11.42,23.88,9.21,31.97,36.2,75.9,11.93,35.5,39.1,27.61,29.65,40.26,18.52,19.32,20.31,14.52,107.47,16.14,40.67,32.42,18.71,14.59,78.18,16.85,31.26,49.08,38.62,27.34,187.0,17.18,28.02,46.3,31.27,15.21,13.03,17.67,42.67,40.62,14.68,12.57,19.61,,26.71,179.11,231.53,27.39,37.59,52.55,107.25,52.5,15.56,134.01,342.95,99.84,53.51,43.36,48.09,77.8,113.0,92.96,55.6,67.44,38.38,29.11,317.17,243.3,48.13,28.39,39.88,38.97,69.81,112.91,84.93,30.05,13.4,85.8,131.6,26.75,36.79,59.23,79.47,40.16,56.3,78.26,12.7,20.37,16.88,45.81,64.0,42.26,58.72,19.12,120.0,64.85,76.71,21.28,10.11,46.36,65.74,125.5,72.24,76.92,52.41,56.8,52.44,32.83,31.31,45.13,45.6,82.4,22.65,28.14,64.26,21.22,132.79,51.81,32.41,5.05,30.6,18.69,308.06,16.79,6.11,28.89,60.92,15.42,36.86,44.35,3.12,35.06,27.63,38.3,16.16,8.41,31.25,35.37,18.75,14.82,189.2,116.95,41.57,260.81,14.05,93.6,63.0,14.0,328.0,44.6,21.47,127.61,70.69,58.27,61.5,27.15,74.75,73.08,157.0,112.0,20.1,64.44,21.85,13.61,14.68,120.79,43.0,61.49,184.29,182.8,62.58,36.01,80.14,32.7,99.53,30.33,12.53,304.51,24.09,143.03,26.29,30.03,315.0,25.34,52.1,96.24,565.22,18.95,26.37,232.2,84.1,13.36,55.0,160.8,36.55,15.98,33.68,93.31,54.3,78.8,433.0,70.5,115.53,57.6,212.6,85.25,127.79,27.7,59.76,88.82,321.5,105.99,224.91,40.33,131.5,47.13,8.78,9.13,8.62,29.66,14.62,13.13,20.36,9.6,9.15,15.04,14.15,18.3,8.85,17.54,22.97,23.53,11.15,16.34,15.39,36.46,7.14,10.04,10.29,23.39,20.0,18.33,69.42,154.77,19.62,9.84,27.88,13.25,18.62,31.84,19.02,24.18,6.27,6.85,11.04,22.5,6.47,25.2,13.58,5.84,17.54,54.34,24.5,62.14
2021-11-29,36.39,16.95,15.9,22.04,46.3,23.89,15.96,25.44,35.3,30.38,33.31,5.17,65.35,18.2,23.11,42.77,31.06,5.57,16.83,,25.61,10.72,38.73,10.61,35.32,43.83,74.81,42.69,27.82,30.59,86.1,25.22,44.16,20.95,24.47,83.37,23.43,28.1,8.03,12.1,10.99,64.18,31.37,28.08,27.77,24.76,98.44,60.01,22.98,29.38,63.39,33.21,19.1,49.96,39.06,13.15,33.85,30.11,25.6,32.41,41.5,50.04,43.9,79.37,74.66,31.94,35.08,61.33,72.45,28.6,9.66,202.51,41.99,22.2,50.14,31.37,32.86,30.49,38.66,64.89,29.77,37.31,11.94,40.25,14.8,57.15,42.85,50.8,50.9,56.95,40.29,47.59,30.48,32.72,28.68,85.03,34.16,22.88,53.0,38.94,96.6,23.75,158.8,33.55,24.9,198.0,28.85,49.86,26.28,23.62,21.43,28.66,49.53,73.25,45.1,25.6,13.71,133.89,29.54,40.81,15.34,139.3,20.65,85.86,56.0,22.56,91.0,47.64,81.29,73.0,79.99,50.63,40.2,57.67,35.0,42.0,43.19,134.6,40.42,26.76,29.62,54.13,30.9,35.6,17.69,42.2,72.7,35.77,63.48,55.7,22.85,59.69,27.2,28.61,42.06,21.53,24.15,58.89,76.43,29.63,30.21,27.64,31.26,31.4,44.06,35.03,45.54,70.07,84.33,47.8,19.32,68.8,17.85,15.86,100.28,39.75,181.49,13.85,67.43,55.12,34.58,26.2,20.46,11.16,50.36,37.1,47.56,32.87,32.39,60.27,409.96,14.14,36.36,283.0,117.85,30.62,32.52,26.88,11.54,22.14,12.57,23.81,34.23,71.0,18.84,48.66,73.05,29.2,53.38,31.52,70.53,41.42,335.52,50.43,29.7,47.68,39.43,62.85,18.89,39.98,247.01,25.86,29.05,19.45,34.6,92.09,87.93,26.67,101.4,14.33,31.38,43.09,55.07,31.23,86.57,62.52,59.0,53.5,92.0,54.5,25.18,157.68,43.05,69.29,34.89,28.55,28.18,14.64,6.4,18.86,16.1,6.54,12.25,14.06,6.24,48.32,19.48,6.79,8.6,10.92,5.46,9.18,4.28,7.01,2.34,8.91,6.28,8.63,47.77,31.67,31.61,20.6,22.19,65.51,23.21,48.19,17.73,25.58,28.59,17.42,23.13,28.59,35.01,25.53,15.62,8.15,17.79,17.06,38.36,18.84,42.25,75.45,32.44,23.89,78.45,35.41,53.34,290.0,20.83,28.57,11.86,18.38,21.06,13.77,9.05,18.63,26.12,14.31,37.89,20.85,41.73,22.98,11.35,24.04,9.49,32.53,35.92,74.06,11.64,37.0,42.49,27.09,29.02,39.81,18.36,18.75,19.72,14.45,106.0,16.07,40.64,31.88,18.48,14.22,84.0,16.88,31.19,47.8,38.3,26.92,192.58,16.86,27.82,47.16,30.45,15.22,12.49,17.52,43.13,40.1,14.48,12.33,19.24,83.0,26.42,176.61,240.4,27.36,37.55,54.2,114.2,50.88,15.5,127.59,362.43,100.1,53.08,42.45,47.45,81.12,114.92,89.27,58.41,67.48,37.83,30.0,309.99,243.3,46.96,31.3,40.89,38.85,67.9,123.0,84.96,29.4,13.19,87.09,144.0,28.78,38.44,59.13,78.0,39.48,56.66,78.8,12.31,20.45,16.9,44.68,66.2,41.56,59.13,18.99,120.0,63.67,75.8,22.03,10.06,46.39,66.03,124.71,70.15,74.0,52.61,56.3,58.94,32.26,31.52,45.38,45.62,80.99,22.38,28.56,64.64,21.46,136.05,52.57,33.35,4.99,31.67,18.91,314.37,16.58,6.19,29.91,64.82,15.9,37.28,45.5,3.01,34.8,27.91,39.85,16.0,8.31,31.99,35.75,18.44,17.78,188.43,118.55,42.2,261.0,13.83,90.68,63.08,14.38,330.87,45.14,21.5,124.84,67.68,59.3,58.3,26.83,75.38,74.0,160.0,95.35,20.41,64.85,21.56,13.49,14.26,121.99,42.18,65.1,188.06,192.5,64.55,36.34,78.43,33.0,98.88,30.28,12.35,301.2,23.62,142.99,27.08,30.9,338.71,25.5,54.41,101.5,626.0,19.35,27.06,228.71,84.43,13.03,55.31,158.2,36.38,15.43,33.58,90.0,53.9,78.35,441.45,71.93,114.29,60.0,214.88,84.7,126.24,27.83,60.8,91.33,316.98,102.1,223.1,40.71,131.52,49.3,8.54,9.02,8.57,28.94,14.49,12.66,19.45,9.31,8.75,14.45,13.25,17.47,8.6,17.4,22.33,24.2,10.8,15.67,15.1,34.02,6.88,9.84,10.21,22.48,20.18,17.31,67.39,151.0,18.89,9.47,27.5,12.89,18.06,30.6,17.99,24.09,6.02,6.67,10.68,21.31,6.32,24.15,13.09,5.68,16.95,50.09,23.35,60.51
